"Vehicle Category and Fuel Data for All State (2019-2026)"\n\nVehicle Category,BIO-CNG/BIO-GAS,CNG ONLY,DI-METHYL ETHER,DIESEL,DIESEL/HYBRID,DUAL DIESEL/BIO CNG,DUAL DIESEL/CNG,DUAL DIESEL/LNG,ELECTRIC(BOV),ETHANOL(E100),FLEX-FUEL(BIO-DIESEL),FLEX-FUEL(ETHANOL),FUEL CELL HYDROGEN,HCNG,HYDROGEN(ICE),LNG,LPG ONLY,METHANOL,NOT APPLICABLE,PETROL,PETROL(E20),PETROL(E20)/CNG,PETROL(E20)/HYBRID,PETROL(E20)/HYBRID/CNG,PETROL(E20)/LPG,PETROL/CNG,PETROL/HYBRID,PETROL/HYBRID/CNG,PETROL/LPG,PETROL/METHANOL,PLUG-IN HYBRID EV,PURE EV,SOLAR,STRONG HYBRID EV,Total
FOUR WHEELER (Invalid Carriage),0,1,0,2615,11,0,0,0,151,0,0,0,0,0,0,0,1,0,5,15188,1897,488,127,3,0,2511,625,4,41,0,0,110,0,125,23903
HEAVY GOODS VEHICLE,0,46693,2,1910920,3,0,8,97,713,1,4,0,1,0,0,1508,0,0,7046,15,3,0,0,0,0,6,1,0,1,0,0,2151,1,0,1969174
HEAVY MOTOR VEHICLE,0,7,0,37448,92,0,0,0,13,0,0,0,0,0,0,0,0,0,257,20,0,0,0,0,0,0,1,0,0,0,0,3,0,0,37841
HEAVY PASSENGER VEHICLE,0,12179,0,158139,3,0,1,0,11966,0,0,0,20,0,0,5,0,0,2,27,11,0,0,0,0,2,0,0,0,0,0,7811,0,0,190166
LIGHT GOODS VEHICLE,0,474786,0,3723718,5,0,6,0,17506,8,0,0,0,0,0,1,9,4,135133,236901,31890,2305,0,0,41,37207,69,0,887,0,0,22791,1,0,4683268
LIGHT MOTOR VEHICLE,0,2627,0,11665760,67330,0,2,0,272585,4,0,13,0,2,0,3,63,3,537066,13775404,2243401,673844,210376,559,2309,2807153,1340006,4479,77813,2,138,379336,1,244602,34304881
LIGHT PASSENGER VEHICLE,0,32523,0,777587,1141,0,1,0,24823,0,1,0,0,0,0,0,158,0,90,255407,52003,211284,6181,86,62,663981,31886,498,3985,0,0,17646,0,5325,2084668
MEDIUM GOODS VEHICLE,0,52086,0,271499,0,0,1,0,0,0,0,0,0,0,0,0,0,0,1848,6,1,0,0,0,0,2,0,0,0,0,0,6,1,0,325450
MEDIUM MOTOR VEHICLE,0,35,0,87178,2,0,1,0,26,0,0,0,0,0,0,0,1,0,18182,21,0,0,0,0,0,0,10,0,2,0,0,1,0,1,105460
MEDIUM PASSENGER VEHICLE,0,17378,0,167973,0,0,0,0,809,0,0,0,5,0,0,4,0,0,1,50,10,0,0,0,0,1,0,0,0,0,0,102,0,0,186333
OTHER THAN MENTIONED ABOVE,0,142,0,470544,11,0,14,0,6287,0,0,0,0,0,0,0,0,0,342,6241,163,3,0,0,0,969,0,0,4,0,0,39,0,0,484759
THREE WHEELER (Invalid Carriage),0,0,0,2,0,0,0,0,2,0,0,0,0,0,0,0,0,0,0,80,2,0,0,0,0,0,0,0,0,0,0,0,0,0,86
THREE WHEELER(NT),0,7216,0,44459,0,0,0,0,2146,0,0,0,0,0,0,0,332,0,470,501,17,0,0,0,0,1860,0,0,810,0,0,713,0,0,58524
THREE WHEELER(T),0,1554673,0,1377520,0,0,0,0,2746054,0,0,0,0,0,0,0,156307,0,1479,77800,5226,4,0,0,0,334544,0,0,178567,0,0,714261,0,0,7146435
TWO WHEELER (Invalid Carriage),0,2,0,4,0,0,0,0,143,0,0,0,0,0,0,0,0,0,3,105855,15730,0,0,0,0,2,0,0,0,0,0,500,0,0,122239
TWO WHEELER(NT),0,93054,0,1004,0,0,1,0,2892604,1499,0,4311,0,0,0,0,6,0,2599,118287189,15451872,0,0,0,0,1791,8,0,68,0,0,2901476,0,2,139637484
TWO WHEELER(T),0,161,0,3,0,0,0,0,25876,2,0,1,0,0,0,0,0,0,0,86244,15060,0,0,0,0,0,0,0,0,0,0,22971,0,0,150318
Total,0,2293563,2,20696373,68598,0,35,97,6001704,1514,5,4325,26,2,0,1521,156877,7,704523,132846949,17817286,887928,216684,648,2412,3850029,1372606,4981,262178,2,138,4069917,4,250055,191510989
