"Fuel and RTO Wise Data for All State (2019-2026)"\n\nFuel,Total
BIO-CNG/BIO-GAS,0
CNG ONLY,62,1058,66,283,43858,38520,7,1829,1538,752,1,24,626,511,5235,620,113,195,457,4499,15,33,4146,494,335,238,4735,16180,164,90,383,31,104,29,363,9,312,92,3,155,1443,66,93,73,18,112,1058,190,2943,2690,27003,280,1864,35,12234,15633,377,23,992,315,1463,4459,464,1068,189,4,3,83,25,186,538,16767,687,8,89,450,1216,2421,299,4047,567,5,966,7071,5798,575,219,280,160,331,22,39,2422,28,35,1020,471,3201,20,2920,29387,29275,6761,12163,36526,191,100,2370,13,2465,341,89,2480,10005,146,6328,1807,586,1070,116,3262,2929,12464,45,1426,1855,499,12,80,1751,5,38,2827,41,393,76,560,4009,3542,1468,1004,109,3,1618,2877,216,1603,113,9101,46,14,12,786,982,147,384,27,344,239,960,97,2411,9,60,35,2246,177,3557,2477,8877,4510,4928,3987,3736,5773,692,42,861,2997,312,1409,312,388,1058,368,33,10,3918,1473,258,340,275,1069,1776,1060,1094,25,132,402,3738,10,3,18,264,1976,1330,18,6200,14,370,31,12,6453,8,559,1903,4316,2301,1242,948,485,5,934,250,1751,657,204,1840,11,170,984,832,1,3028,2,386,41,522,326,2,3,350,2,67,143,264,942,18,952,318,9586,8,3,1,27,1,5396,1148,9074,3017,23,1789,287,478,2667,3568,301,45,1672,4897,2,1227,1019,5,60,18701,21,4257,19,23993,24,261,22,134,40,75,2,3171,1969,45,830,163,9,106,1,29,709,419,86,749,8323,143,751,15712,4383,811,53,5180,3,18,607,751,39,196,86,3175,1824,22,1,1659,37,1384,698,996,131,59,112,1303,385,235,1147,978,163,86,3910,1493,1778,4,59,12749,614,438,2,7,522,33,23606,2109,1866,9,172,510,30,233,25,10506,118,1313,19,11,3876,3053,855,113,472,10,902,48,3438,9732,50,1674,3231,37,1,4339,408,4407,429,26,6375,6,7,95,8,22604,76,839,50,1662,1,248,1610,15,54,1748,8052,1470,58,96,2,17,43,396,491,131,123,1581,508,772,2,297,15,1463,1,517,1584,158,1070,2088,18,421,9,517,11901,53,1559,84,73,203,126,299,646,542,613,5,757,4478,2529,571,16,790,18,2776,29,31,944,404,208,145,1336,939,1299,28,113,386,5027,65,161,23,6,1985,4739,726,1316,186,33,95,7,1,976,817,117,5,12,10,5,1,51,2178,2,425,1625,486,86,1600,483,559,693,849,18,27,793,94,558,13,1,205,90,3,4,361,1552,6181,37,223,332,210,331,538,10,7433,573,276,912,4169,8396,30,18839,36,237,166,2510,5237,6,5122,12111,1357,72,2134,29,5382,18504,16622,720,29,81,100,16040,2544,10558,8,732,5,439,1892,10,123,9,1787,3224,117,112,391,1319,229,591,994,396,342,2622,8,214,459,6,2424,373,715,10,23,1019,95,52,8,11788,29,3752,837,1976,199,1080,2,54,1911,833,8,102,19,1,271,1001,423,2,4,12,14,4914,38,780,108,2719,29608,43,10,78,137,35,739,116,11,1953,2126,25,38,60,1313,4,1216,151,1263,138,191,49,4066,103,79,142,15530,398,47,974,778,4,596,62,10787,60,95,111,45340,821,67,767,7,5853,180,680,984,31,218,427,54,667,1,494,103,404,144,821,9134,864,1268,274,191,38,312,71580,18,182,2867,127,1223,732,6,6,16,1,2,20,3,623,386,10491,540,3,15,11,38,19738,12,1314,294,33,574,29821,164140,1148,812,3244,701,1,50,285,334,20,5,9071,540,424,8,116,9,1024,1,6373,4590,6,1783,206,848,7,6,5,19,4,3,3,8,1,1,3,14,2,1,4,6,23,87,50,25,3,2,1,1,9,1,132,4118,218,4,1255,1763,3658,1283,1078,32348,479,61367,461,2107,408,9,338,20,8775,2509,8,882,23,77,2875,1953,2,611,1042,998,150,837,19,47,902,3109,14,55,8,25,2003,5467,2373,7600,25,16,505,10906,6366,373,129,557,12171,140,590,75,19,560,91,2539,1365,2135,887,2614,1341,3152,78,1507,195,133,24,554,41,82,1077,1290,17,3861,558,9,129,260,3951,23,10,36,311,281,62,158,19,1,258,372,1,563,29,291,1836,103,48,129,8,3,231,1105,444,208,5,37,4984,6679,712,20,1,40,505,39,98,2,34,5,6,46,1954,43632,148,121,189,5849,137,719,2891,120,2,1,4499,3,39,45,91,157,2132,1,436,826,2,10,8,17,731,6984,7,28,429,638,149,327,2904,501,47,1833,210,395,181,460,180,296,35,2885,3,3781,140,49,30,154,1316,560,13,3,32,2,9,8,302,31,191,8,3,4,23,4,7,47,2,1,2,8,1,5,2,32,3,3,2,1,13,5,3,692,9,4,9,7,21,1,8,24,60,4,1,10,4,2,3,3,1,21,7,16,3,2,3,14,7,3,2,16,4,34,10,4,7,6,3,1,1,14,8,1096,48,3344,149,516,1952,386,56,296,3762,660,7161,169,1285,135,935,41,3466,110,520,835,79,327,1074,75,82,59,779,10,863,216,37,855,375,1469,808,436,761,1539,61,935,38,142,190,567,394,1218,46159,9578,1,1996,1438,156,748,1882,156,10,49,879,2,8434,78,23,944,480,45,2,551,231,1749,588,28182,10,236,153,25,16,206,295,191,236,1680,1067,34,217,134,17,441,755,1758,77,521,54,28,276,117,1438,572,250,664,642,2284,715,198,472,8,279,17,130,10701,603,8574,1,5163,11,18,8,3713,7864,16,1943,2061,1,179,10,6067,4475,57,38,13,1,1,2,2,1,31,1,11,4,1,8,3,1,7,1,6,2,13,29,11,46,3573,1177,56,28657,394,115,4166,55,62,7,13553,16,99,19439,505,22034,124,14502,19,169,1469,4302,400,17,242,59,126,7518,996,206,185,821,183,29,274,93,45,7470,657,935,2,96,72,2293563
DI-METHYL ETHER,1,1,2
DIESEL,3022,7574,3522,19106,164,95996,73485,14357,37324,19974,47766,3770,3708,6040,4176,49203,26891,7016,7619,1372,7663,57624,6546,3485,11021,23948,1772,11,776,36103,33010,43375,11892,53,4947,134,9048,5949,5340,8499,5556,14578,2097,2892,12303,15290,9646,22306,6943,3959,19992,6220,10045,5385,9658,15742,22524,5117,28376,17025,52680,55619,16316,23951,14477,19957,32030,60,192,36021,16572,22031,1040,447,15341,1629,8164,8874,39,18072,12928,18792,98514,20236,3409,1935,7716,13743,20125,5591,14343,48689,10171,30591,3279,36169,28910,44928,51022,6819,17647,3731,5469,2330,4314,27409,5327,4525,13488,33737,21586,4218,25074,56055,50847,34556,51005,33799,23231,26002,10969,10782,25277,6103,19395,32554,56519,5431,43760,47501,13922,28362,16643,13680,18878,88531,2631,117,10192,60070,76653,14844,932,6412,4317,15474,4012,5050,14631,7812,27362,25187,584,7451,10781,36630,315,10526,24056,20668,8145,15046,11644,10182,28380,12389,11329,21751,4663,25740,38817,32943,13046,614,785,11068,14804,2518,4827,6388,12121,2152,7438,10609,54046,5551,1452,17084,2089,13099,6385,14093,2454,13442,8863,12801,6706,10563,6872,11474,14251,6735,7,8844,1,31581,72748,35748,17804,16741,7738,18692,14438,4385,6136,41557,63646,4651,13870,785,34997,16730,18767,13263,13647,7701,9142,10223,18323,392,263,941,5769,12444,27739,29786,5906,28182,9077,7725,18528,2452,28839,1585,6454,14999,31140,41762,45906,16553,26534,10467,2585,36111,1279,40758,35232,4099,44222,322,11801,18240,25013,4552,34551,6107,35797,3367,112,11858,25013,1777,16437,12332,6206,2214,2692,1,8,16,3,13027,2,12950,16211,38079,14726,18870,15213,6807,6549,615,18458,1427,98,12801,6340,707,3111,42074,71257,8523,22311,4250,9180,26135,21107,29710,12990,29774,29905,2881,20888,24147,20099,4821,3440,87332,4224,39054,3052,54982,5993,12805,5545,10982,11041,9806,8716,2285,22536,19718,20513,4772,1903,4755,4819,7192,5657,28746,6838,5864,76615,1341,10902,7405,3327,27005,53743,14052,16656,5287,39644,2351,1601,17495,16799,8023,23899,15889,35591,16392,7539,26023,44307,3773,19725,19729,38922,26242,38,5162,2338,3627,12653,29978,34606,14249,24660,14256,13945,20358,16542,3067,6286,3071,11032,129535,4963,6055,7576,25704,78,58773,11951,64580,17752,120333,14744,23578,41477,17027,8478,15108,50802,47851,4390,9329,11679,5988,33274,4986,15806,12710,32044,7496,36782,10975,19271,91125,1070,12698,2975,20048,25,39803,1936,24164,14968,48086,4882,72348,53617,26,17986,40836,2603,14432,13941,4550,22,35588,3096,116,93104,20895,11956,981,3877,1047,6809,3384,4792,20261,10571,75538,13435,2328,7086,2151,5056,2515,2688,21290,19056,4732,6950,2845,10426,10273,14343,11276,12267,18700,3507,5562,119,14594,4849,5912,11822,52,8703,30031,14691,22068,10576,30460,27,41923,5178,3045,872,3466,42,10226,13363,2444,6631,3149,9505,72613,3886,5556,19489,1280,40949,12211,16138,7909,2375,28870,2924,32878,2806,4339,35018,4927,10800,9016,11629,153,15222,39138,6667,4411,3974,13217,8371,2049,4633,390,1675,2675,2729,19885,24537,16718,12220,10377,25609,3988,24390,2941,12818,30049,4857,3481,4850,1650,8226,271,5415,6256,3308,621,2476,2156,2476,14286,2012,25337,15721,16979,5924,13942,9346,15392,9153,9517,552,6034,400,1005,12993,14278,49866,1669,631,4223,5596,362,14865,35082,21640,99,25688,1048,3038,4791,5611,8684,6261,13709,3092,41038,4888,3757,1288,6194,10897,42378,5698,51347,3484,7764,7809,38,26156,29180,2769,1681,31583,46830,31676,5258,31466,6916,42692,40772,34287,4311,22701,4128,9602,52695,6589,32900,629,20350,26995,19198,26799,1740,277,14400,16261,8067,25492,14222,10136,20544,8333,67457,11606,28997,61755,18215,14548,5061,9594,10029,1624,5243,43188,18977,4819,5918,13552,9767,10785,20195,6424,127546,1853,544,23059,14974,6718,20032,24252,2797,3625,2975,6709,3,1795,25693,15903,5474,1016,9360,4429,5873,3928,3649,3085,94,10680,38367,32287,3472,8069,42248,73635,3567,3395,13758,7304,7513,4684,8803,3357,24644,25408,179,7072,6497,6662,8767,573,22574,4352,27656,12705,5429,8220,27175,21621,12633,4811,62903,8357,4056,3078,25480,9265,18551,19717,28819,6661,3467,2005,113327,6747,6467,1250,4563,7129,15744,11179,4704,8612,1363,9477,6658,27473,14908,630,8014,2677,9050,12581,3736,4187,24944,3824,16592,24771,13198,7111,10224,7922,4230,195683,9202,24487,59796,10954,6827,19637,5720,1448,1754,268,58,232,4954,55,21782,4823,27354,79829,15885,350,2136,83,1568,38339,632,2860,40188,27271,3593,32743,102565,7447,7011,17442,17051,10037,4631,2791,5795,5678,6899,3700,11027,83173,16083,576,10450,2423,4172,4229,29459,4155,24047,25765,1442,1553,39533,17932,8218,1329,532,1979,1630,1217,1855,200,774,455,928,148,743,3824,161,897,202,413,833,1754,495,966,361,270,911,1183,1676,771,740,1191,3364,564,1101,840,1100,1077,499,165,876,346,1117,1053,396,580,527,419,302,3138,822,100,1110,924,1184,879,925,14199,621,155,8856,491,314,2334,278,6024,1316,604,652,965,2330,160,181,1199,758,526,2094,1689,713,1274,369,2373,50,3008,1086,598,281,1642,20414,27078,15728,12497,9891,26520,14783,6635,26772,42728,5963,58622,20145,15962,56498,14464,13244,8669,8338,7724,11823,5594,16990,27739,10904,34405,8993,7246,32029,9475,24892,15678,16619,18973,63922,10684,20826,39246,13992,29429,6764,7350,7988,11684,14225,11667,81354,17898,10059,33636,26791,5439,8973,30523,39908,19878,12319,15780,24823,29333,40894,12401,17309,12555,13695,80826,26150,48178,21533,5772,16614,24139,19744,13313,36071,14958,5107,70579,24881,1957,3721,3345,14832,39521,10883,3010,3090,6596,174,13950,8339,7507,25070,2703,6479,23292,34546,3106,33749,6234,13089,53863,36756,17279,3289,18029,5931,15715,46286,12477,23506,15467,4424,31381,90531,10973,4461,7674,4145,12042,12223,14324,9961,15547,2587,5835,6255,8792,46642,150206,8187,2011,25066,10366,7986,49586,26430,33821,32419,6962,7289,4432,71908,7996,18306,10573,19102,7041,1278,30096,37833,111115,26884,82,36915,920,2175,16244,44521,2266,5642,14012,40758,17356,15629,29321,11182,5722,31366,1229,22,6451,6298,4907,10587,10622,3095,6600,17287,8859,64460,13263,6670,5139,3698,42447,29265,7234,1273,4327,659,7574,4336,763,3639,690,3835,10058,3391,26118,2922,3247,2509,6695,1454,5640,5540,759,2642,560,7482,2271,2000,1803,346,6369,277,2872,1515,870,815,407,2212,4363,2532,1601,57380,3121,7120,856,3073,508,353,4137,871,1558,3053,4999,5012,1072,651,742,13991,453,4634,706,895,1378,3191,2152,823,1296,5726,1205,2447,2318,1484,2012,2506,1474,2954,2796,1430,4783,1773,2115,3803,3403,1809,3131,1487,1995,1815,758,794,6201,4762,29667,993,25455,1373,868,20536,20787,12621,4799,1769,12338,171,16123,20550,41950,15158,5737,313,13457,57899,30342,30586,4915,8508,19773,3009,12233,16930,7031,13351,11326,8009,8241,21915,4041,37945,21358,13971,896,10694,2222,1003,1579,9479,53189,24177,14357,59079,5615,7166,3659,49,1,2523,11794,4890,11018,4517,17417,93381,51629,105,25906,11466,9038,17713,2048,33051,27025,313,4227,3670,20059,8924,20746,12039,1795,16750,13174,1227,472,185,1363,6651,4,9970,11124,9365,85647,9163,16213,1555,8624,3928,8089,3441,5419,5582,14052,10451,2377,3941,3427,5966,12693,1415,4081,12479,3789,21499,11589,13152,14517,637,7323,10620,3138,14859,13333,12115,10186,23011,6483,2714,6383,28244,6982,26386,161898,7686,18025,796,50862,5863,2187,4147,126,2077,111,33492,53000,4131,9680,24869,6737,6835,4122,18868,80175,327,5539,6053,11505,1675,2077,1348,1078,809,2554,1923,6785,1404,12388,10263,5773,8425,1441,1348,4638,1317,5483,1147,1800,619,322,2376,6207,13631,1106,2795,25780,8633,2713,87301,19918,3220,16144,2105,9760,493,35978,3213,4376,53975,2672,50566,2851,47402,3134,2650,13261,22120,31273,4374,16955,8257,6976,42489,39413,25033,3340,5503,15277,19346,4242,5044,1772,1,1678,9098,10682,2047,718,24293,20224,710,35123,2886,3017,20696374
DIESEL/HYBRID,7,16,23,15,1009,316,16,77,37,110,5,10,21,15,106,27,8,2,3,72,53,37,10,104,77,11,164,60,110,6,37,6,16,5,29,16,7,9,2,22,3,14,33,4,11,8,3,35,33,31,17,2,44,39,6,283,289,12,19,9,9,17,87,20,51,2,30,41,9,16,38,65,7,221,21,9,1,20,45,32,6,215,3,48,5,87,198,129,45,48,7,12,5,42,11,8,26,74,18,59,50,600,670,400,464,295,10,31,3,39,22,20,29,20,220,20,110,138,18,8,16,8,10,503,16,44,121,141,23,1,2,126,5,16,25,1,141,18,3,15,2,27,11,28,25,4,9,11,2,18,8,28,29,2,24,91,31,11,5,8,98,102,11,34,26,17,3,41,852,28,1,5,12,7,59,6,136,50,91,37,145,110,141,176,33,9,64,454,25,38,44,41,81,108,8,3,53,71,13,27,48,202,147,154,79,11,30,13,4,9,10,19,22,66,7,174,24,9,22,2,7,18,107,263,14,51,33,10,28,137,23,22,111,4,55,85,83,2,5,5,102,3,1,24,65,2,47,46,4,272,1,3,5,34,90,33,50,84,3,1,2,28,5,105,60,4,6,151,315,34,290,35,94,19,81,233,15,16,75,6,32,56,26,12,677,4,16,4,282,5,9,1,2,16,63,5,4,15,28,11,13,4,44,16,4,22,18,19,40,336,3,9,2,33,227,5,6,1,70,1,58,14,12,33,8,43,44,23,427,65,4,24,20,42,64,4,1,29,21,16,37,56,38,5,31,3,103,21,16,12,70,1131,27,29,6,104,330,69,1,18,888,156,20,169,35,4,91,124,116,2,1,12,5,82,1,22,11,20,10,100,17,101,306,2,20,29,65,1,30,5,92,22,159,118,61,165,4,8,60,4,337,8,245,5,49,16,36,4,17,11,65,335,45,30,37,2,3,1,1,62,17,39,32,17,32,84,48,26,9,19,16,7,14,19,43,9,2,1,46,60,15,29,46,73,10,1,4,54,1,8,26,50,5,14,7,19,272,87,7,44,7,40,3,132,1,38,8,25,75,25,154,3,78,215,2,9,26,37,33,6,1,5,4,1,3,33,15,16,19,1,40,4,11,11,7,74,1,6,1,6,1,2,4,2,2,2,3,30,1,16,1,8,16,47,55,85,51,12,29,5,121,14,74,8,21,21,2,12,34,31,263,2,16,49,23,113,69,69,1,169,24,16,18,80,85,5,203,8,26,35,26,50,74,158,46,2,12,872,478,748,12,7,69,67,17,235,1,29,35,16,47,5,3,26,8,26,21,6,20,28,62,69,200,121,178,7,1,25,37,6,194,54,26,24,2,21,21,20,11,578,2,155,2,39,25,54,122,17,18,65,1,10,25,7,1,110,43,36,1,23,5,4,9,8,2,4,38,530,4,8,164,28,31,28,153,34,48,54,1,24,23,49,7,16,81,36,100,44,73,99,19,11,444,33,6,16,60,3,41,24,48,13,19,4,376,41,29,10,31,102,15,17,90,9,66,39,14,56,3,2,6,50,41,39,124,2,32,53,16,119,39,3,45,1672,54,30,58,3,62,398,10,1,5,38,2,15,239,7,1,2,21,444,2,86,6,13,5,532,5,31,74,61,18,10,15,17,7,6,337,25,3,41,16,28,15,42,5,87,161,76,70,16,9,1,27,6,6,7,1,1,6,1,2,17,2,3,13,7,1,9,1,3,2,7,14,3,46,2,2,3,11,2,3,8,1,1,4,1,1,1,3,12,1,3,10,2,5,7,36,1,1,69,17,1,53,15,3,1,2,1,4,5,1,19,10,17,13,8,1,5,1,1,6,73,9,47,1,1,29,31,33,5,2,17,2,2,1,1,3,1,24,6,4,2,18,2,1,3,1,2,66,7,1,12,1,1,1,50,8,15,3,8,206,59,235,22,14,21,39,43,38,124,7,415,137,2,2,2,12,117,127,1,3,3,34,26,32,52,7,15,57,1,96,1,10,242,156,27,3,28,42,139,9,16,3,99,582,1,7,7,1,16,9,42,34,6,9,2,8,28,166,1004,15,4,43,5,10,265,53,50,160,18,21,4,227,3,11,5,29,15,3,25,29,460,44,35,1,2,4,114,5,7,31,108,21,14,35,3,3,88,1,15,40,37,94,120,2,17,7,13,297,35,18,11,13,70,27,21,4,3,44,15,1,5,1,5,78,4,286,10,4,7,9,1,25,7,1,1,5,6,5,2,3,33,8,4,5,1,8,6,6,7,622,5,9,3,6,4,14,2,2,17,13,7,9,1,1,107,3,15,4,2,4,4,3,1,3,1,11,4,1,5,15,5,6,7,3,14,3,2,5,2,9,9,7,2,3,2,3,3,8,11,1,35,3,10,6,12,1,9,31,75,26,135,4,1,20,157,59,310,1,63,28,14,30,113,19,1,41,27,5,6,5,34,94,16,151,31,94,125,100,23,191,14,33,13,31,26,62,23,2,1075,61,39,13,1,19,3,38,18,4,19,5,144,23,2,115,16,3,3,2,4,24,52,35,517,50,59,2,30,75,43,8,10,24,122,110,22,7,19,42,68,3,33,110,3,21,11,18,24,29,95,25,97,119,94,29,43,28,19,10,12,2,222,1177,64,184,155,4,1,2,8,32,452,40,120,8,25,23,124,198,3,9,8,1,1,19,8,1,1,1,1,2,38,12,14,14,45,3,535,53,12,8,6,26,1,306,6,22,157,12,312,23,382,9,4,90,71,17,5,26,16,20,98,113,11,16,33,29,81,22,42,3,6,15,1,69,126,11,160,16,68598
DUAL DIESEL/BIO CNG,0
DUAL DIESEL/CNG,1,1,1,1,1,1,1,1,1,1,1,1,1,1,2,1,2,1,1,1,1,1,1,2,1,1,1,4,1,35
DUAL DIESEL/LNG,53,20,9,15,97
ELECTRIC(BOV),75,318,1228,229,12,33280,15646,1698,14954,10718,3363,747,343,4227,1795,22396,4135,4699,89,33,3944,18506,562,533,5946,1590,704,91,13638,801,6513,486,15,1880,256,1338,1733,1827,380,7254,504,245,1633,48,1876,10390,230,470,1341,280,572,2429,1549,4713,5203,2808,3092,19998,766,37088,3347,1381,7565,8953,3401,3536,6,1,13403,304,1751,22,28,767,491,399,355,98,1724,1335,1290,4086,11958,216,3452,4596,3308,887,2082,1217,6143,714,1840,176,12963,2870,29039,1598,21287,3981,2391,527,5781,8236,7246,566,267,1772,3475,11628,1641,4059,31111,36377,32647,67626,36008,8931,1539,4217,1366,22242,387,2766,5373,3798,2862,4303,9095,4470,823,496,2556,4739,28768,3745,1243,4766,7837,1058,295,1056,7161,3226,538,9063,483,679,1803,1853,166,208,5107,11900,11,4379,18006,16626,1151,3715,13282,285,14084,1396,3428,3696,29,14445,14978,15673,15134,628,739,27366,38754,911,2559,420,1700,9,4290,5644,18594,1651,11579,1666,372,309,3630,805,6592,5973,7145,3801,7222,3931,5991,8118,4196,1,1155,7445,20213,5571,343,2211,785,2782,1890,737,7013,4079,4661,1608,1794,11,2648,8403,5593,4238,4755,2380,8228,1170,4865,2,98,9,1138,6180,3528,2581,110,819,5424,265,3156,266,10374,190,9274,1508,9749,6528,14708,8890,14656,2727,223,2919,4656,12652,1416,1718,1819,392,3892,9832,4983,4063,1594,12287,4387,1986,4791,3180,14,56,2977,127,88,1170,1,3820,779,1179,16151,4451,1671,3351,238,465,20,2276,71,5,2786,11478,6084,45813,152,9124,2356,5235,4568,5956,1699,288,13146,9088,49,8210,2277,896,155,709,5679,140,22010,2485,44676,896,4433,15790,5075,279,1059,6576,1219,15774,3432,8014,2349,103,1577,84,438,980,2509,526,2952,23203,1,3392,188,326,11161,24816,1800,719,477,6870,4799,396,7182,6396,246,2845,828,24675,15058,2344,212,8742,134,5159,1843,5283,989,265,7014,2479,3956,3807,1913,7237,6371,587,6201,1458,10575,340,1209,883,1118,43146,3558,846,1764,91,8,20643,1492,48633,1112,57164,10728,519,5193,751,5123,1519,15515,7504,1262,5793,1043,3911,13200,1424,696,616,1898,1106,6599,335,10783,19649,535,84,9210,2546,235,2544,648,9439,756,4955,1261,1,543,6822,115,67,2228,463,2,11098,1889,20088,26390,2949,271,1709,1555,101,693,300,4064,64688,4071,800,1355,1083,3,4550,2151,1264,2485,2201,723,2483,3109,6878,2811,9840,5508,3497,1150,13,966,1910,3603,590,3895,1472,1393,1113,3607,1480,1,2722,394,35,2473,550,10,7511,1458,421,2564,1726,4349,5,2003,15415,3934,16,25689,5217,105,4122,606,1588,175,14942,999,1013,2230,1406,3654,1204,10038,4622,18842,54,1344,1732,2185,3467,862,87,582,26,66,6114,5832,4439,8377,650,3982,1027,3551,244,8512,16589,4022,475,83,3,91,1,491,68,3,3,2,1,323,46,1772,5611,6308,434,1106,2388,3328,2015,931,141,229,30,616,4690,8172,4831,348,2,452,1087,248,1247,2524,9258,13021,1314,1286,708,7116,5873,4088,2287,29056,2578,1396,26,948,5678,26584,146,5182,630,1927,1684,5,7075,579,1,23371,1932,7095,8503,17943,419,13294,8762,11402,5064,23078,1051,2639,18108,2389,21541,111,9417,1016,4651,6028,1010,40,970,9577,650,14999,4727,1195,16781,1684,2831,3010,37249,11674,11255,14605,8252,1908,1966,1,9,7956,1397,3979,187,903,661,409,2084,187,25242,235,166,5485,11740,4041,797,4481,5171,600,3463,3316,410,495,540,161,64,5315,31578,4221,7413,13874,99,4,560,1495,2013,55,677,5311,47312,511,391,5569,2040,353,1675,3613,37955,6720,10284,2233,1688,1038,3295,54,3359,572,2807,929,3531,556,1762,2524,1400,481,9877,485,2672,2877,2784,474,5767,2715,2251,709,832,451,54063,2121,802,11,1416,171,5032,1032,1374,3442,1621,3789,3744,673,1897,658,35,190,2291,3451,2438,8439,481,904,17356,764,2809,1672,172,834,99396,10,2793,16420,7505,2503,4876,179,2,1643,44,2,9,587,4,8265,254,2553,44395,1402,13,369,1731,10876,1269,3491,1194,691,735,16024,1726,29689,2447,4265,1090,5022,321,224,344,1310,636,1570,18435,1576,4,2938,367,1176,37,3098,686,5494,12731,87,35,5796,1643,3873,91,4,8,11,77,114,3,44,4,44,38,54,6,4,1,13,7,75,13,109,35,1,54,111,52,23,93,117,52,21,40,40,15,44,5,1,4,7,157,24,12,2,1,8,62,2,13,172,95,127,22,321,2,93,8,8,294,1,111,43,4,5,9,37,86,3,30,31,9,34,13,109,1,172,11,3,1,366,2044,7398,7939,1913,3892,1919,3594,604,2920,4695,1273,18618,5022,4778,22189,2480,973,581,3315,2878,941,1712,1758,4778,6268,4586,310,2132,6773,1474,4047,1081,1334,1742,28577,523,805,3191,2436,5537,146,931,1129,9019,1117,2045,41167,1952,4066,3251,3358,3075,5504,1826,22945,636,684,3870,2578,3566,29283,9914,16229,12481,12553,12875,5396,13297,2275,62,3731,11037,3219,804,4446,2486,598,20498,16920,47,199,25,1189,3996,5453,141,121,1565,2,2579,190,591,2443,151,11,7852,4180,101,3016,1003,4493,12269,7826,1977,91,923,116,1111,17853,1863,3631,1101,24,6775,26071,1264,692,227,32,1100,6782,1001,967,643,203,1417,753,1178,6358,52584,11197,10,7607,637,327,3092,4205,2737,7749,243,109,55,11510,1502,1455,580,1707,223,2,15505,4123,45724,4640,3,6319,430,1630,872,2060,88,169,1489,5144,332,1154,16898,6226,2112,19462,1,1,254,1823,1936,3301,2336,157,299,20093,1434,16306,2310,683,2295,1482,5546,3369,645,42,319,22,735,129,54,194,10,49,1791,123,3254,30,86,29,127,39,605,229,19,26,7,359,343,30,16,18,535,2,27,67,44,16,16,24,388,63,104,4332,520,63,13,268,6,11,207,8,43,120,360,172,48,45,3,611,7,138,14,16,21,64,81,15,303,88,14,130,70,41,47,121,46,24,141,27,331,19,122,167,75,54,264,16,54,49,14,13,222,36,1182,1,1233,1309,7,1068,456,6310,2815,988,287,620,6212,2841,6694,23,1247,12271,12815,379,218,2636,929,370,1133,624,1640,10183,1257,2121,5440,9859,37,3022,948,10532,17752,7644,3669,2531,29089,7208,7430,835,7283,3111,2452,564,2,747,724,3799,677,6702,60289,2048,12,9194,5076,5879,8482,25737,3928,8,22,668,15150,1111,8373,5164,984,690,1401,7494,224,17,1020,1776,2478,2114,11229,540,3089,16,995,1162,2152,1374,805,2310,5839,5412,259,985,823,896,3598,93,2264,6856,546,2006,1157,5816,4350,2729,2786,1077,2881,6738,5985,1965,4181,1062,1160,92,5580,67,4221,94051,3769,13065,9745,657,1094,388,1211,10,8479,11062,8002,1388,11616,1208,1158,463,7631,12401,1249,640,193,4507,3221,633,1149,715,242,734,1620,1938,11404,1767,790,8759,103,654,189,458,1652,585,443,1,245,630,3666,3,616,15702,1759,363,18431,2449,1720,15080,327,2059,20,6042,237,800,36499,1107,14869,1503,6020,561,364,4786,4911,3134,2299,1698,696,1851,11473,16044,4648,1754,2558,5303,1507,820,43579,2,2818,10151,20,1206,18245,80,4938,10,6001704
ETHANOL(E100),1,1,1,27,2,1,1,2,1,20,2,1,8,2,1,1,1,1,1,2,1,1,2,1,1,1,2,1,1,3,3,1,11,1,1,27,1,1,1,2,29,19,12,30,6,1,1,1,1,3,1,1,1,1,1,1,1,1,2,1,1,3,2,1,1,1,1,1,2,1,6,1,9,2,10,3,12,6,3,1,5,1,1,1,7,7,3,2,5,1,1,1,2,1,4,1,8,1,1,2,2,1,1,1,9,2,10,2,8,6,7,1,3,1,1,1,3,6,11,1,2,5,3,11,4,1,1,1,2,9,1,17,1,1,12,5,1,7,1,1,2,2,5,1,2,2,1,1,1,24,3,15,2,1,4,1,1,10,1,1,1,1,1,1,1,9,3,1,2,2,1,3,2,13,1,2,2,1,1,2,1,2,5,5,1,2,1,1,1,2,3,1,1,11,1,11,2,1,2,12,9,11,8,5,15,9,1,8,1,5,5,1,6,1,1,1,1,2,1,1,1,2,1,7,1,8,1,1,3,3,3,2,1,10,2,1,1,9,2,1,21,3,1,5,2,1,2,1,15,1,3,69,4,1,10,1,9,2,1,6,2,1,14,1,3,6,1,1,1,1,1,3,4,7,1,12,3,1,1,8,1,1,32,1,3,1,22,2,1,1,1,1,3,5,9,3,1,1,3,1,8,1,1,12,1,5,2,1,75,23,2,1,1,2,2,8,1,1,5,1,1,14,7,1,1,15,5,1,2,1,1,1,1,1,1,3,5,3,5,1,3,1,2,1,2,3,3,2,1,2,1,7,3,1,1,6,4,1,2,1,1,1,1,1,1,4,1,7,1,6,2,1,3,1,1,1,1,1514
FLEX-FUEL(BIO-DIESEL),4,1,5
FLEX-FUEL(ETHANOL),1,18,1,19,13,2,1,1,29,5,2,81,1,2,4,1,1,8,1,2,3,3,1,17,17,4,6,3,29,2,5,2,2,6,3,5,14,5,2,3,103,8,5,6,8,1,4,10,4,1,6,1,9,4,18,4,6,1,6,1,10,13,4,17,22,1,8,33,7,60,43,16,8,14,2,11,5,2,1,2,3,18,13,18,3,6,1,1,4,7,1,3,4,4,24,1,1,20,1,2,1,14,10,9,2,1,2,3,2,2,5,9,2,16,10,15,1,1,6,4,4,1,9,3,21,9,1,2,10,23,1,3,4,1,1,7,3,3,20,2,2,13,13,1,9,2,1,29,5,5,9,13,8,1,4,24,10,3,6,5,15,1,33,2,2,1,7,8,1,2,14,10,2,4,1,5,12,8,1,2,14,30,4,8,8,1,5,5,3,4,4,1,2,1,4,7,6,135,58,1,35,1,1,1,7,4,14,5,3,20,2,1,48,1,7,6,2,7,3,4,3,2,14,1,10,3,3,13,2,3,12,1,4,47,1,1,10,12,1,8,4,1,10,7,1,2,2,25,32,4,1,1,10,7,6,2,3,12,4,5,3,2,14,16,29,1,2,3,6,8,2,28,2,11,4,4,5,3,9,14,4,41,2,11,6,1,7,70,7,2,11,27,3,4,23,2,4,1,7,2,1,1,21,5,2,3,1,2,9,4,20,79,1,19,22,106,1,1,5,13,3,42,3,4,5,6,4,5,1,6,11,1,2,28,1,2,2,1,14,5,6,5,1,6,15,1,24,16,49,5,3,1,1,21,2,1,1,8,12,13,2,2,2,1,5,2,3,4,3,3,19,6,5,1,1,1,2,1,1,3,4,3,11,3,1,1,3,1,2,7,1,6,1,2,1,1,8,4,1,4,4,16,7,17,1,1,1,1,13,1,2,2,2,2,12,2,4,10,2,6,14,16,6,10,1,1,1,6,1,16,1,1,2,2,15,2,2,15,1,8,1,1,1,2,1,1,58,1,4,1,4,2,3,8,2,2,5,3,10,5,5,3,25,5,2,6,3,17,1,2,24,2,5,1,24,47,1,40,18,1,1,2,1,10,3,4,2,1,3,5,8,3,2,9,1,11,2,1,2,1,1,5,21,2,29,33,5,1,29,3,3,1,1,2,5,1,5,1,2,25,1,1,10,4,13,4,2,1,6,10,4,4,1,1,11,4325
FUEL CELL HYDROGEN,5,5,11,1,4,26
HCNG,1,1,2
HYDROGEN(ICE),0
LNG,4,5,12,15,1,20,55,159,1,32,4,21,1,6,15,19,82,2,1,2,35,7,9,3,1,6,1,8,10,24,9,760,70,20,1,49,3,32,13,2,1,1521
LPG ONLY,2,1,4,125,90,19,10,183,9559,106,57,7,162,26,3658,1,186,3,13,952,35,58,1,11,1,90,6,1,1,11,43,2,143,1,34,1,1269,61,32,2787,4967,3,3868,131,2,9,12,54,537,574,951,118,261,559,261,192,1350,75,36,60,42,2,20,1,1008,4026,71,8,1,229,182,1,15,180,174,2,14,134,184,215,746,658,234,177,198,280,10,3919,5,129,43,257,151,20,726,27,1,1,763,7,21,7,6,166,4,43,390,11,763,655,1758,1,323,809,135,1,1,3,7,49,4,845,956,289,959,750,24,181,116,4,1,376,94,45,2,149,236,145,3268,1,1,1081,584,5,4,1,1393,284,66,129,6,2,12,3,76,4,191,246,21,4,7,7,227,102,412,1340,2122,1091,321,708,22,75,37,1,1,1,3632,104,5,1456,2,68,3,14,50,1,29,130,103,217,51,313,2,231,84,1,32,147,3,911,1285,8,798,93,12,870,203,4,8,3,5,10,15,393,115,1,451,1,65,330,167,1,2,1,2,9,88,16,12,8,24,253,8,984,623,35,1414,109,98,79,368,367,466,41,2,306,574,14,9,204,2491,5,15,4,1,293,1,11,3,1,685,39,57,13,100,101,246,210,1831,727,23,1,148,30,3155,206,676,4,6,2129,27,1,2,2544,6,3,37,2,11,4,382,1,26,1,29,1,633,3,57,1,4,46,7,1,2653,23,1,2,233,97,12,9,8,1,388,48,219,40,2314,3213,7536,3,147,7,30,380,3,66,4,7,409,1,3,1,478,8,2,1,2,202,3,11,1,5,12,35,1,3,21,5,1,146,3,80,29,61,2,2,182,119,11,2,206,4,2,87,1274,2581,1023,2597,1734,19,872,166,182,2008,106,1,2,97,978,3,406,1,374,25,2,1755,1364,1,43,5,2,9,78,87,4,2,54,40,287,2,1,383,356,50,219,334,287,93,139,2,127,1,45,23,52,169,460,1,166,2,3,1077,518,9,135,7,79,100,18,42,65,58,1,46,29,15,249,38,649,264,13,2,5,155,80,104,3,119,852,2,11,9,2208,1,5,1,30,3,34,1,1,1,13,28,11,51,32,7,15,48,13,15,31,2,5,1,30,47,405,156877
METHANOL,1,1,1,1,1,1,1,7
NOT APPLICABLE,149,373,2,9,196,364,166,6,1294,3,6,12,139,61,8,35,4874,1,2678,1711,1806,5,3,245,7,1,312,2,996,1,25,369,1,892,19,3869,1,7,4056,1,2622,13,996,2753,752,2,1661,3251,4,23,211,3439,743,2019,4,1065,126,763,2763,39,80,9,1681,3211,837,3,411,424,767,1,361,559,2,403,431,4532,1717,493,48,5,18,14,1359,205,1794,408,492,421,5329,99,546,2,2892,1287,2,409,4,850,38,1,451,5845,114,3,76,456,190,691,1684,207,132,90,778,2,15,7,20,1,674,2532,11,38,3061,2,2488,121,3650,47,74,1,1,8,380,262,104,260,2,4,1170,12,92,4,1,1,2,1,3,2,56,4211,931,126,1481,1073,5830,477,197,5932,834,25,4,4,1,4,1,4,2,6,33,639,3425,3297,2589,238,35,1,732,652,190,6,1754,4984,239,555,2,1161,383,1783,308,1,1598,1060,1926,152,34,223,1655,285,35,1,26,4,356,22,1,412,206,2719,47,3456,21,375,797,43,3880,80,8,1,71,198,2880,1,17,3,2,3,7,20,3609,4127,576,2,3785,244,769,153,207,5084,40,2,4589,68,1,1,247,4,29,5,7,179,873,182,11,2002,1928,1001,2714,43,128,5,1,50,217,39,192,1517,1,2035,594,19,9,14,122,2742,10,13,320,9,2264,1578,2,327,1,3,259,2,142,10,3130,42,2,28,3707,1239,6,4765,1739,195,1174,2093,31,3,1287,351,98,262,652,280,144,280,2,2376,179,5875,1311,7,651,350,191,2746,14,1929,1632,3,1,1,1240,2,574,1602,16,1,37,16,578,2,9,12,5,50,1218,147,3,3141,4,127,2118,1841,1245,246,6,963,1025,8,54,15,1,3,2,7,3,261,2226,1911,6,84,1,2740,436,11,1,2,6,8,8,19,905,1,2,1,64,69,1,52,642,2432,381,3501,618,28,1144,1,16,1,278,2,20,1,10,198,1,483,289,1321,185,1,1,74,4,389,11297,2,1137,51,706,14,5,7,5,3,4,7,1,1,42,362,2,35,25,24,222,868,1,215,685,941,55,65,279,80,3,3,522,110,250,1,16,198,7,2,56,6,560,5,1429,3,11,193,200,2,134,163,2939,103,3272,559,10,12,15,3173,1222,2,4093,105,247,6222,540,2070,1,75,1711,1,1,5,2,2,2,2,7,1280,6250,2425,5,1124,4243,891,1,5,4,23,437,1,4,22,12,1,656,14,1,2178,1,109,2,9,5,3291,1415,110,185,106,1,10240,4,5,1,1,9,1,3,4,5,1812,132,43,1,2,1058,3,34,4,2,609,14,1681,103,18,381,36,2,5,4,484,4,39,3068,1,2881,4,191,6,3,6,3094,4,2,2117,93,1510,1,3,1991,1,22,38,1,282,1851,7,2,257,1060,204,1,316,439,1,1,1794,13,1737,4195,3974,536,1,1029,3005,4,2681,3813,2729,1431,24,2686,3545,5660,6550,1385,3164,1723,5614,4426,2905,3797,1987,6919,13139,2434,5424,4,3076,3841,3293,3,1,3314,4966,9524,967,2514,3525,3041,4870,112,947,224,408,113,189,407,3366,1,776,1014,786,961,1153,315,583,415,250,648,4321,145,366,3,607,888,772,473,2247,496,47,1281,678,1491,1003,1341,1298,1597,7,944,312,7,821,1,1664,508,306,822,423,916,1033,1438,2262,1877,665,993,258,35,3467,8691,2194,5,5449,17,46,1973,150,2,941,198,484,1,32,799,247,1,307,4,2,1309,3164,2,20,210,1055,2,1,54,100,2,597,71,1256,118,6,6,53,1745,15,18,94,669,36,253,144,9,255,709,636,875,5,53,452,35,379,62,118,16,2059,5,2,1,2,12,722,237,692,855,12,53,10,144,3755,18,137,349,1,83,1,26,802,2462,573,6,2,80,3,2,5,8,3,3,1,1,11,22,2521,3,3,2,9,1,1,3678,286,2,7,11451,1,133,561,55,9,4113,122,200,171,140,7,2,26,286,297,11,12,28,18,623,48,1551,31,327,2831,1188,173,476,38,685,29,558,95,31,59,1,28,2,7,3,291,1550,3,2420,2,253,1,5,1,8,2,30,1,1473,6,144,1,1,3239,751,3895,180,1,1470,2365,127,427,3,1979,1148,4601,1987,9,704526
PETROL,24868,41575,39354,68531,1209,770472,483143,123934,173756,176769,134224,34413,18721,63668,47064,361043,232205,99790,62450,14889,53170,384497,57395,38137,126766,92625,21968,231,5469,271412,110466,261658,56088,896,32871,262,51926,50195,88678,54825,49520,216483,17124,22283,93267,20028,23049,206955,48176,32609,79146,26629,38616,58634,65123,121708,110924,54666,251254,107599,559439,176652,64395,162582,138849,171543,123515,149,290,369583,128419,100575,11758,1648,55615,30263,72501,44805,1700,140862,111480,74083,289926,118085,17307,52547,67819,163517,211975,45934,40604,143282,52603,132942,21692,278832,134822,426640,121068,111104,231919,162654,24216,79773,40021,251534,39169,18526,83196,118705,206839,68511,118312,385293,414207,314028,498998,334435,305359,149219,72157,61841,174217,33214,102366,226237,236916,47836,251442,209138,113477,88020,79775,75689,163372,557095,32813,17,67055,205660,197863,101668,2630,75927,36303,196239,48482,89187,58948,35909,124386,125767,1219,69268,92783,246825,515,99860,247378,192533,74491,130421,142508,61502,222972,71111,123210,85454,18392,309087,243577,297352,138970,10806,5971,171249,331964,21339,45896,33152,82638,7552,97395,91821,219760,46639,3434,211873,31284,45869,51504,99180,32701,79876,67415,185808,96384,129272,85780,154539,131167,67209,223,57019,158414,358155,235618,97179,80984,82329,71607,102306,28931,39836,156813,180796,39387,63427,5529,104459,134718,160563,111829,119107,154028,127722,71297,141268,838,4618,3241,71775,71860,127549,171508,19160,204870,78383,26555,98578,20888,276483,9366,88259,62463,156431,190608,408234,152873,293481,47303,13547,165315,16569,307667,203693,26450,132606,4384,84680,111649,108756,51009,101018,70957,156055,112668,107,138926,140161,10688,59571,87014,37237,7569,17267,3,13,129,4,124700,55130,169170,252545,144313,95773,123859,33619,58458,1920,88092,4876,189,109773,181383,1001,17218,378204,349669,30855,114330,38553,65106,154502,140393,173581,46379,212855,236316,36971,149204,90933,92371,28408,16290,251381,61350,292773,85742,544356,32147,197087,76192,132962,42933,64499,116199,31421,232785,115555,135175,41832,14552,47954,19482,38326,36083,136823,44924,62905,339172,3092,74269,68756,21582,245025,478890,62402,47960,57090,255378,21967,50140,127106,76900,35307,76706,80567,297041,142565,51382,15467,152814,33416,144912,88331,185166,115022,169,33160,63701,53771,180872,136151,149006,137511,235707,48785,127537,116673,124094,18491,45860,79280,102929,849610,56811,38085,70082,60855,331,385123,102149,3724,98430,921915,132035,47153,175506,63457,120082,73598,261655,186319,69654,96374,59005,121347,351902,43002,151431,50855,146212,74698,198049,56396,144629,342648,8855,133043,10483,161032,9,156402,24123,193730,94649,228642,47968,266496,83896,232,80377,195340,10165,52126,100712,60932,535,415570,63746,127,503741,139522,93642,10171,23333,884,57294,16274,27463,94178,92719,503454,76541,46930,79738,15101,50311,3949,49618,130655,122807,62518,42682,31420,75903,112468,93811,62108,225776,119163,47525,51209,1343,99153,65890,52639,33956,25,94165,80818,88882,133990,75170,173088,128,246041,15009,4200,20207,23620,369,171697,48116,10395,66337,36687,78193,15729,49147,55659,93335,8894,275130,133614,59980,51684,22287,134658,15800,219714,25266,28781,59941,54890,81112,64194,108973,166,128260,303014,21444,43645,33594,127999,92611,28173,22146,751,22147,2366,4294,136103,145220,111307,132565,53300,168349,62868,135212,19511,120569,313086,34643,32438,33677,5224,13833,568,30130,16092,10081,1258,6363,2648,2717,92253,13752,118176,168987,260404,52830,59214,95812,145053,93033,49061,6449,30268,902,10835,79699,167785,160664,19629,3004,25591,47011,3828,79560,147770,130439,108,211846,1428,23809,37891,57643,92214,76022,151558,51788,318617,46864,53733,1572,66134,142250,424055,21586,237133,38523,63201,53240,1385,212194,102954,2355,1080,331327,155895,146058,69298,351964,25509,333568,341984,251588,60929,345952,40152,56105,543200,59028,317612,4959,231586,139255,91421,164670,32088,992,77686,189268,77892,257707,264861,35056,185584,76791,175208,96036,291141,264692,125197,145433,93755,43801,40170,4452,7829,276074,91698,57829,32858,51682,65347,58052,123991,23665,495290,17103,2,150656,101237,75834,91212,65443,35832,39093,40515,61764,2,10472,62267,27287,10373,2609,122536,402749,61931,26275,234576,41286,66,32423,155525,117971,15733,32065,191578,573723,55925,17132,93454,65433,39764,50206,100854,270054,135864,299505,91,48859,46937,32666,74405,2906,204510,31736,166974,84315,50817,63887,201151,164646,90286,40699,236279,75222,29072,45838,143544,36449,154520,245663,131145,39966,35018,17122,726855,57791,66569,19183,37284,30544,136017,69218,45909,64416,22189,52045,45130,45769,66920,453,17793,26593,18793,72438,35106,48068,221801,23513,59270,264073,94930,85716,80663,36313,37266,1131577,4159,185738,304328,91926,63911,186347,23500,4309,53649,723,190,363,59674,141,169858,46765,112100,615524,104551,672,17483,54,23283,319833,47090,173022,96248,36842,143519,477452,42005,171,110115,92633,107039,45741,8688,24394,30171,86821,21093,81464,591647,68089,5260,76437,22899,43985,16829,188619,18797,155278,190586,6455,8714,229903,111003,72542,14039,3399,7988,2663,11655,12321,1461,9049,2153,10840,1885,8245,12505,8921,4065,2789,5904,5288,22471,6455,19586,4733,699,10530,11707,14113,4425,17205,13069,13010,6212,10021,12787,9058,11514,1056,704,1942,2723,14007,5290,2734,900,1419,1303,1556,17041,2737,316,5139,12509,13661,12679,10083,51616,1453,854,17018,3626,3288,26313,489,25942,4464,1535,3520,4767,6400,3213,2618,11521,8344,2350,5729,9594,5660,8433,5240,12893,34,26171,6519,2390,791,21223,113952,168341,136972,66209,811,73311,649,347,130615,1534,247,3706,110516,765,340890,59646,56069,37778,398,466,68451,334,105631,95538,632,112318,42033,385,187099,79664,105427,74949,79297,76074,363376,529,59185,95309,75851,99275,191,94,365,532,47090,57750,496362,675,384,67951,112147,268,358,73005,358415,32978,44823,100884,91384,556,322649,142204,187568,186587,182741,240216,161493,291519,108586,5318,152837,229191,131245,40233,106468,123099,64714,406849,174606,1247,30379,7179,77661,219657,98232,16750,5780,68173,184,31970,29994,29898,75559,27941,22138,227075,133933,2367,157163,80977,119924,297128,231010,84811,7347,132098,45298,70193,335694,75006,111050,142613,9782,154544,417344,63215,21958,45725,4265,30471,109481,39205,28685,74935,6988,78381,43528,91697,144114,687353,106151,3116,145783,80671,34050,101283,155403,87455,164579,35017,14125,12116,313922,68010,62130,44775,86082,5725,11544,280460,212237,550219,147294,239,162947,19127,52657,60816,152108,8327,27324,80128,207341,69383,44327,330970,103946,70700,257854,4685,127,22536,63395,47715,87704,118007,23979,45728,313179,48247,294376,52760,57449,51726,35582,220060,134954,29968,7146,6133,2332,69578,27440,6412,29489,7092,13391,146951,12626,180673,15082,23212,20185,26139,11106,52894,18547,5269,7562,6346,45331,15868,9772,17671,1703,65463,622,17484,10098,1472,2677,3640,25958,26658,12235,9334,396959,21294,31498,8080,17881,1167,1103,12835,3878,9092,26416,56547,20357,14019,3312,604,126043,1883,24386,2972,3519,11011,32955,20334,2026,18337,20466,9730,26526,14413,10895,14622,31490,20381,43551,17320,13282,43963,4670,14825,16804,22253,9375,22771,9173,9364,6279,4758,1998,22530,16149,149529,985,128476,34158,5208,140265,93168,115522,25534,21775,63991,165,101315,123211,168927,145330,17891,342,99702,260037,245665,56674,28285,83673,117389,36245,54323,72267,60540,195413,119469,75887,112668,245864,10105,170397,120007,139253,2482,558780,149386,8591,32916,363590,165237,123501,34132,228843,114944,72974,37776,97,1,7,56354,29338,70356,26521,205422,943093,170706,852,191202,143375,88173,190878,5776,299755,220002,272,17381,36981,195632,49050,216639,139166,15268,92586,41238,1424,105,8463,11486,59384,9,81618,93789,67485,428257,58169,133238,1160,65332,61114,64304,35401,53959,63376,101759,76935,24181,38326,36461,33998,98560,10442,43679,92504,27736,125016,30749,143779,58543,1939,47643,72416,35073,113194,119127,87217,79746,131984,62407,33539,25813,126010,19905,315300,720207,58715,158252,874,214511,36223,42139,35089,212,54073,396,179798,384405,48309,44655,176633,42748,51350,22849,162336,259859,398,132082,36003,43427,21588,55973,40546,35006,29196,18741,45371,50228,41638,185757,85650,60374,118747,12355,28485,16237,27860,46999,33919,51793,1675,2430,21177,57611,118964,5791,19036,241719,86047,29613,584633,73428,32616,227183,16797,63569,3764,266261,19381,35865,493020,30388,403927,33884,146195,29067,16928,122164,129194,133289,40296,92588,66934,71177,249331,304679,198701,63523,58320,105631,108200,26262,278536,3184,6674,73319,93579,4479,870,88315,159716,5527,227147,13088,1360,132846950
PETROL(E20),2626,3405,6541,4820,36,117345,71454,15706,19313,16433,18712,6520,5037,11498,6280,44191,40235,14274,5754,2902,9301,21596,8373,7943,26877,12133,3084,39,1283,40517,14551,37328,11914,105,5562,33,6200,9606,14768,8181,9838,32398,2772,3154,16613,1892,1938,14024,6669,5828,6406,3232,3981,9306,11337,13247,15379,9520,26496,12942,65425,25484,6802,19517,12905,14410,10413,5,397,34687,14112,11624,2006,391,7599,4656,7007,3663,906,15175,17990,4892,30183,10783,4267,8204,8262,22607,17235,4836,9101,22357,14508,8558,2213,47729,16781,37153,10594,17148,46315,35299,3136,13538,8761,26589,8230,2192,8330,15191,28000,12412,17558,94640,71215,50253,74966,61638,36301,15269,9643,10334,28106,3861,16031,16581,33975,7772,26829,16315,11622,6662,8604,6379,17795,75463,5885,31,7585,26852,15677,14849,2643,9464,8232,26968,7405,14677,4249,9439,17208,7591,1740,7609,11360,21250,805,10374,27307,18423,7426,12129,17374,5920,18243,7362,13877,8550,1669,24337,33139,29311,22760,1883,4119,26321,50117,4398,7470,5239,12294,617,18144,11093,32237,7917,440,23082,6142,4965,8281,22994,5886,15354,13505,38752,20346,26883,14859,28235,26572,11417,10,9603,16,14787,50680,22154,9512,12882,14320,13848,8551,3869,6992,20928,12213,5498,6368,1982,9940,22532,31281,20403,21176,27006,19126,11087,16040,691,508,984,8639,5867,14665,19009,2051,24023,11001,4188,10471,2359,38748,1716,12791,3670,7873,26995,67033,23447,30670,8409,2627,13497,1660,45620,17699,4263,17245,694,15708,18755,15952,9664,7767,13949,21181,23377,40,23056,10968,2712,8613,17759,3298,1203,3527,4,1,529,1,16824,4510,15215,33200,20795,11789,18373,3285,6802,2522,11340,4173,300,18650,34076,713,3687,50897,54763,2625,18222,6203,10084,16995,14816,27992,5539,20602,25826,1143,15200,12084,12144,2814,3686,38468,11565,36096,12737,79442,5368,32682,14189,17473,4737,4154,17817,4300,24606,17760,17879,6132,2557,6747,2387,9322,7902,10581,6965,8956,42847,647,9484,3744,4012,24957,54937,7304,5902,6383,26688,3239,9287,21673,6652,3188,7223,6478,29687,18623,8304,1663,24507,2061,17045,10514,27317,14805,79,3840,14726,6837,31576,15809,18840,24108,39474,6661,13466,8256,16538,3131,8525,8026,10527,113616,9181,6567,10087,1,15028,412,37243,11663,251,8622,95199,30339,3584,24594,5464,17035,6787,33376,25127,9219,13225,6923,21992,32704,5922,11804,6299,9257,9904,18658,7230,26203,27729,2876,20374,2242,12935,67,21257,3059,24239,9494,22208,6890,20425,24415,20,9427,24747,908,4012,16298,10485,33,68813,11267,20,86535,18867,17996,10002,3300,56,11307,1488,4738,7644,16718,65069,10502,8654,13972,3235,9044,1006,8605,17622,5544,10406,7355,5375,13214,19050,8807,7416,35683,13614,7548,8111,78,9704,12044,9185,2093,26,13914,11860,12731,12082,18336,17532,64,30847,1645,530,2632,4906,8,28392,3431,2330,10146,5460,14185,2544,7764,11958,17203,874,39523,22230,6941,11470,4162,15937,1573,17873,3721,4955,5760,7199,13421,12741,13847,47,23357,67329,4618,7326,5040,22815,20243,4771,6871,110,3926,2111,3272,13893,17195,11995,9829,5713,20690,7181,13248,1931,17791,26783,4304,6069,6551,455,2221,219,5992,1503,1917,306,766,439,514,10164,1064,10946,16985,32913,7084,12607,17505,28679,19596,8513,1100,2937,285,2443,9554,29129,19745,3232,356,3832,7668,1632,9002,10926,17981,1281,33138,366,3937,5188,10572,21110,12527,31198,7151,35316,8486,9835,209,13231,24815,47390,2291,33687,6469,11715,8865,125,22093,12547,363,151,27979,17483,10643,12966,38680,1337,43677,55011,37142,9512,59160,7065,9126,63819,8116,49024,865,26640,14859,7551,16221,3246,1425,10538,17156,7666,21727,50131,3926,30647,13618,10337,19602,47145,40227,21770,18447,12150,7604,6665,785,2333,34617,12096,9273,3459,1654,7017,6368,13279,2749,78275,3106,1,18405,14640,11098,8924,12613,4268,6924,7280,8429,28,1772,5307,1788,2545,295,24699,52326,10015,4278,51092,1750,243,4116,19535,13319,1789,10304,23924,90151,4918,3246,13098,10488,9675,7359,18489,53683,14090,34111,51,7658,8869,5076,10646,1869,26841,5645,13101,12969,8554,10166,16641,19652,8402,4930,45096,12322,4757,7526,19326,6941,23200,26528,18148,4630,5717,3375,126408,8887,11682,3472,8686,3220,23341,12530,6477,8087,4919,8608,7260,2106,8948,29,1381,6005,1227,11055,5786,7539,52414,4296,8371,23662,5207,16047,15266,7782,5418,205451,531,27774,47032,11590,9861,34452,4960,1044,5939,936,614,594,7358,204,13807,9787,11455,62816,8322,836,3192,77,3802,56413,6314,20062,7621,6857,10247,64824,6572,34,9640,14134,19391,8555,1698,2136,1879,12410,3124,13248,100524,8094,969,13633,3472,7486,1559,14333,2614,37238,24910,1938,1920,27699,13911,10754,1848,446,1507,2607,2053,2086,480,1407,375,1680,329,1412,1769,1313,787,620,1147,728,3301,1068,2628,667,140,1719,1695,2502,791,2348,1871,1944,1008,1421,1872,1481,2082,351,292,374,595,2237,1044,695,145,238,327,477,2537,428,167,959,1898,2156,2057,1203,4241,278,304,2358,655,573,3994,144,3039,626,247,621,850,850,541,498,1945,1435,564,1110,1955,824,1351,839,2383,165,1914,994,512,174,2706,15396,22110,14530,3169,161,3486,32,32,15759,324,42,697,4396,90,16890,1987,2091,1644,65,54,2476,33,3808,3751,75,5013,1698,43,20640,8319,4642,3580,2641,2610,16823,64,2165,4102,3046,3553,16,29,72,44,1577,1877,25230,132,38,2516,3479,21,29,3128,15889,1210,1636,4504,3886,97,13248,6458,8201,6757,6941,29628,23336,49249,15682,977,19530,37362,17384,4783,12569,19920,10624,67126,32385,309,3461,1035,12552,35772,20072,2069,1216,11241,169,3003,4870,2701,6005,5230,4258,38524,19660,493,25647,12741,20927,52005,37867,11713,4339,23051,7057,11591,60040,16851,15141,16565,2127,19634,78374,7300,4332,7035,963,3386,15821,5372,2989,10401,1205,12571,5608,13672,19315,131317,17592,762,21019,12203,4703,13651,22213,6999,26652,5552,1353,2074,39227,10324,8533,5567,11128,534,2187,24990,28219,80526,17393,320,18119,2021,4886,11489,18696,506,3151,10223,22380,4867,2441,24626,14234,11721,23250,523,69,3701,10398,7795,13873,23071,3631,3869,35137,6110,41208,8586,9641,5561,5851,25093,7111,3564,1530,105,640,8182,4275,16,4211,373,1245,23881,1430,32260,1256,3207,2696,2300,1824,8697,2220,978,673,539,3172,1433,1486,3155,120,12251,87,1536,2365,442,741,436,3405,3173,1363,621,57550,2110,4402,950,1255,19,68,1435,388,1459,4610,12015,2216,1837,885,90,1099,48,2703,444,649,1896,4949,3128,252,2832,1801,1094,4016,2010,634,2581,5338,1866,1384,1451,1835,6330,1012,2368,2048,3730,530,2386,1285,1389,2004,436,620,1992,1739,11586,811,12594,4039,509,13705,8461,9472,3592,2154,4999,48,22089,17968,8934,34028,3804,138,11085,26144,43150,7584,6631,13274,13508,7045,5382,7998,7335,23442,22615,15025,14393,24600,855,19200,15288,21682,602,78177,30945,1818,3522,62968,15820,25910,7340,33114,21875,14960,5620,7,5978,4339,13181,3433,26117,132679,16005,409,14078,14187,10383,20814,1121,22064,25616,657,1582,5128,19237,5570,54315,25364,3015,11532,4999,334,16,916,2275,7474,4,13762,15851,11316,65969,6769,25161,1195,13181,12716,12963,9513,9510,11882,16215,14335,4547,7023,6067,5378,21545,4699,7035,14269,5022,7730,4815,22505,8781,372,7505,13078,6522,22541,18242,15173,15981,21385,11337,7049,2722,7601,1668,50929,94335,9709,24542,90,32905,9373,4068,3998,296,5388,1008,25396,32518,9173,7105,19905,6678,8482,4196,28421,37383,249,25614,6862,4492,2042,2391,1725,1708,1188,701,5527,2417,1239,8233,4125,2693,5454,443,1050,3094,1042,1781,1703,2199,304,760,4252,11626,21524,1463,3115,28126,11579,5498,87250,9866,5106,25161,3227,14378,1924,32531,3433,5293,69641,6331,69042,5357,26606,5881,3443,21645,18742,13694,4921,14598,10709,13569,30467,34066,23165,8888,9008,16666,14803,4609,38548,963,3,1655,12741,13957,1169,81,9449,34430,686,30121,814,13,17817286
PETROL(E20)/CNG,241,291,64,84,7884,5294,1705,601,1336,53,45,172,120,2383,495,18,59,30,483,2812,239,85,419,713,53,920,1589,3671,1,182,87,185,124,175,96,195,53,23,354,2,56,847,38,103,162,234,163,201,278,984,415,146,914,41,3865,4340,136,54,234,397,309,2,1599,136,634,10,2234,35,17,78,103,3056,481,3765,418,35,63,337,1409,118,103,3792,1336,61,1069,2600,2597,661,10,845,299,143,214,1,1445,51,681,652,974,937,642,390,2529,3066,3327,2726,2081,206,127,194,271,657,139,454,1561,4761,122,2783,1374,110,314,1637,751,243,7405,89,447,1461,778,70,130,786,50,13,950,610,1280,10,104,165,1407,12,1942,159,611,2,5,75,15,305,3,605,86,1,1120,142,4430,20,18,1,1803,4079,75,219,202,136,20,81,775,57,1,286,1240,76,590,35,428,136,521,225,428,142,338,377,427,221,476,3787,241,905,223,338,360,175,97,998,1453,58,666,495,351,677,472,408,136,54,219,629,11,4,57,159,181,177,82,2010,18,404,114,49,522,8,124,1261,1335,1440,491,1294,170,31,296,98,894,203,73,1673,9,348,555,661,807,7,1014,40,24,760,1,122,2,41,2,147,476,987,171,310,661,2391,49,20,3,38,5,1749,3447,1107,4998,100,877,106,201,1151,1212,4753,351,700,1906,251,789,571,63,670,7266,3,1293,75,10724,170,180,5,78,1133,112,2,427,360,436,331,79,37,104,51,2,110,558,1836,312,8367,248,8,1096,4244,264,136,126,375,1,97,395,460,513,340,71,984,478,130,150,622,362,770,629,973,1453,1346,1,244,432,175,479,94,599,42,2377,84,1306,48,104,11149,269,104,2,15,7,1223,364,64,5,10570,2649,98,955,363,26,327,133,2550,10,105,51,43,1697,40,92,1948,726,65,1822,1117,1123,4141,16,1128,19,1838,86,12,3,1164,64,2377,914,674,1069,84,16,474,108,8989,167,209,1,410,1,54,107,515,86,125,5396,1042,155,120,27,4,1221,756,134,166,101,259,770,656,26,49,75,176,26,10,133,314,258,69,873,338,159,140,361,4056,191,194,1,39,349,2,103,295,265,88,10,440,3625,310,282,44,541,588,3533,168,74,901,84,164,195,279,248,1063,101,107,262,483,48,40,24,46,822,1161,571,346,124,10,98,159,100,623,133,100,5,1,247,2,1,1858,164,134,189,50,120,213,417,244,321,3,956,284,77,1097,20,72,111,8,12,233,934,236,853,85,121,114,248,127,171,2,2927,364,64,191,568,5591,602,5915,107,198,248,725,2580,1404,3725,401,1,438,17,5672,6166,3754,143,82,134,183,2186,36,911,21,739,16,482,1525,74,30,56,781,4,2052,368,127,15,192,714,99,2159,1548,898,303,2,228,209,4,1982,498,199,85,8,1035,1913,38,237,7093,16,2816,190,297,172,447,2893,51,177,325,28,244,94,3962,4548,510,4,3789,300,5,141,71,220,1,213,445,12782,49,32,867,223,68,179,165,3209,799,1028,7,125,82,147,25,345,38,1032,4022,132,200,2958,1641,127,76,9904,328,103,151,911,50,283,103,2740,1535,44,54,11459,309,77,43,73,66,3900,268,89,250,41,334,123,160,637,620,71,203,207,84,219,1550,2,456,1202,350,158,118,106,21838,5566,354,812,107,323,2623,22,29,1,7,16,72,7,606,9,158,5266,80,12,18,37,4377,27,689,15,70,409,7356,10,1326,561,499,141,3,64,216,136,171,39,2352,500,63,320,46,143,67,445,2,738,748,16,3,857,4204,173,14,2,52,5,9,1,7,2,3,1,2,3,8,7,1,1,4,10,6,10,9,7,3,5,7,2,1,3,2,5,1,1,1,1,3,7,2,4,25,39,2,10,35,6,1,4,2,2,3,3,1,1,529,15,2868,540,480,52,215,92,345,206,192,4210,120,17897,125,292,270,58,30,43,501,238,21,154,113,95,165,141,15,149,427,180,59,53,67,102,170,587,14,73,115,94,29,282,268,188,42,45,168,709,220,88,86,147,394,68,159,16,14,120,74,195,101,40,58,24,29,3810,581,378,290,35,94,502,85,113,249,198,35,2697,1563,17,5,7,46,704,405,23,22,90,13,38,58,51,96,32,299,155,23,221,10,199,468,881,147,37,32,3,105,1092,56,54,21,6,1956,1116,39,43,15,65,253,66,52,35,5,8,48,267,19787,153,4,196,8,53,284,204,73,2601,35,11,11,3140,11,139,81,108,49,41,793,4,518,487,8,26,30,78,100,3125,17,440,376,335,370,534,752,185,31,897,40,247,191,299,927,213,665,325,14,4221,180,137,29,50,594,622,105,19,5,5,198,68,40,6,276,2959,586,2186,22,31,22,297,18,58,607,15,1,4,56,24,18,20,2,204,1,15,28,4,7,10,27,296,20,15,8520,120,58,17,17,2,35,15,90,97,837,18,9,7,1,1,46,7,8,20,11,28,8,19,335,20,59,8,5,49,46,26,279,58,59,104,24,16,546,55,7,76,8,15,35,11,21,331,25,100,93,364,121,186,1067,22,11,85,3,696,274,612,167,2021,230,941,4,1361,265,119,518,359,176,107,359,68,3,340,141,619,3992,2,4791,1013,266,9103,1092,227,2805,143,300,53,203,88,318,308,178,8479,3657,4,960,622,42,520,448,278,14,71,547,14,1226,151,133,1316,111,3005,25,77,145,119,91,8119,378,376,165,120,82,184,123,96,179,375,301,46,228,39,69,167,322,638,109,206,182,7,171,158,210,79,279,335,350,318,790,132,109,129,899,369,5017,14759,372,716,570,44,53,73,9,605,4574,740,644,15,102,23,544,10131,110,223,17,4,81,34,32,21,6,72,88,23,52,78,44,68,2,35,25,23,32,49,70,37,67,51,1,29,882,96,85,7933,778,132,277,89,156,48,5125,51,69,4826,84,6327,203,4291,42,42,571,1873,205,16,384,240,66,779,965,385,146,339,463,427,79,3420,16,1796,323,849,67,628,1,887928
PETROL(E20)/HYBRID,15,23,240,3,4,1595,483,177,235,65,22,96,57,154,115,335,136,95,51,160,278,208,81,287,12,30,8,302,83,256,236,147,104,82,36,75,177,215,55,2,182,1,21,63,29,71,7,72,23,205,122,51,43,84,152,50,635,265,44,427,31,96,106,2,106,20,78,28,6,80,132,155,49,6,195,291,14,122,75,68,13,9,97,105,78,86,72,245,42,54,284,158,293,31,63,370,98,5,53,18,87,108,23,59,28,151,290,109,1108,1329,1089,1371,927,153,83,26,30,254,8,155,107,308,63,114,157,3,17,105,64,45,914,169,5,48,77,298,42,48,19,95,377,27,81,21,141,75,37,11,18,31,52,8,71,14,110,58,165,22,99,11,73,52,84,25,192,1127,303,143,116,1,376,611,153,191,12,95,7,29,93,1193,266,18,46,63,70,23,363,171,222,93,270,99,356,152,376,365,175,90,55,195,207,36,277,189,380,46,102,51,193,86,93,54,20,110,286,457,301,255,90,97,179,51,31,7,15,49,36,152,133,16,85,46,128,59,21,201,44,63,9,121,222,2045,272,257,211,66,9,12,723,11,54,21,29,204,153,216,120,29,48,48,27,1,370,80,44,463,243,10,12,66,1,2,1,260,45,75,769,179,16,80,77,40,18,147,22,3,274,647,16,118,1150,965,25,451,53,115,65,63,694,47,79,111,7,102,66,151,22,77,579,6,209,30,1473,34,127,50,82,64,33,254,15,43,141,96,78,50,89,63,16,67,19,97,226,443,7,131,23,80,135,488,64,34,22,300,32,56,580,28,51,78,4,85,325,117,89,402,7,88,62,458,217,1,42,72,64,166,45,78,311,273,61,122,36,70,104,101,150,193,943,200,214,37,760,4,1052,177,229,1555,561,40,45,49,96,17,1161,251,11,20,83,30,110,1,5,72,69,69,230,106,624,295,6,480,22,129,1,122,18,479,189,225,131,277,289,231,113,19,24,186,24,479,62,1,2995,3,210,9,49,1,246,23,160,97,267,679,37,146,226,91,149,101,56,323,64,228,78,115,275,448,142,310,71,150,112,13,1,85,213,195,13,2,19,67,56,30,138,81,1,154,20,21,8,4,122,33,35,45,95,206,235,103,118,297,6,272,464,113,128,147,67,26,199,70,110,53,237,394,146,220,1,283,792,81,65,47,290,240,134,132,1,78,16,23,51,47,37,31,43,680,53,117,45,231,90,17,57,12,5,180,14,2,15,49,29,24,33,10,33,15,37,22,87,20,305,191,467,193,110,24,58,2,43,164,138,44,132,1,108,93,1,69,23,266,29,739,3,49,138,128,439,552,487,4,254,94,280,4,137,307,496,18,403,94,142,136,91,60,15,7,207,132,11,56,173,11,986,713,813,26,98,44,227,537,25,875,7,161,236,21,90,17,24,67,62,119,153,109,43,505,154,100,351,588,361,415,28,17,84,71,13,113,58,25,113,65,26,28,128,33,64,434,27,196,28,193,36,381,787,116,97,181,11,27,25,51,8,659,469,135,48,533,7,2,20,126,100,7,75,204,1841,53,45,606,104,204,143,407,440,43,168,1,9,95,200,228,23,292,45,92,148,373,254,69,223,48,95,385,179,43,120,24,62,149,167,79,69,199,112,1471,188,211,51,193,115,103,127,114,203,98,156,96,14,25,6,14,126,8,162,196,110,577,78,65,109,16,335,283,119,180,2211,95,98,647,39,201,796,58,7,34,7,8,4,48,4,100,344,90,572,66,10,9,172,943,19,67,1,93,4,475,254,53,316,249,99,20,7,5,234,58,27,2507,44,16,139,139,63,16,65,70,340,399,21,42,282,272,205,65,17,33,51,45,54,5,47,10,49,3,35,29,6,25,3,17,16,85,22,23,21,5,44,35,61,24,78,39,68,32,36,41,33,40,18,3,21,17,26,16,15,4,18,8,10,66,14,8,28,28,69,29,29,67,5,6,111,10,10,117,3,85,12,8,23,29,25,4,8,39,30,6,35,38,10,36,18,58,9,16,21,12,3,63,203,65,294,16,2,60,183,28,31,71,389,23,16,26,2,1,30,1,47,61,2,37,20,1,139,72,73,23,29,33,332,4,46,69,21,82,3,2,19,33,544,77,56,3,2,22,420,36,17,61,87,1,289,114,167,45,112,128,223,892,254,15,272,199,263,133,185,60,27,1522,692,52,16,38,49,390,274,24,108,45,43,77,88,27,102,24,37,237,473,81,579,8,125,1097,219,305,16,286,20,321,750,29,98,323,151,35,1725,46,65,58,88,60,128,149,41,177,47,13,86,298,438,1100,39,39,419,103,93,514,404,158,116,163,106,68,78,32,185,74,244,61,90,85,874,2566,152,6,338,13,30,70,112,1,44,171,212,42,21,211,83,25,118,6,3,81,131,96,209,613,20,42,39,204,170,95,89,61,63,202,39,41,28,4,23,170,64,1,79,16,21,414,6,892,50,78,67,30,33,140,15,23,5,38,47,26,35,71,7,347,6,36,72,15,19,17,86,55,20,8,2095,51,107,20,16,3,11,5,26,96,224,9,21,17,9,1,5,41,13,19,28,91,44,24,43,16,42,51,23,7,71,158,94,13,25,62,172,40,40,8,85,7,75,31,30,49,13,42,34,61,2,28,119,10,3,199,6,58,4,5,546,299,7,453,50,6,68,235,692,238,7,92,130,95,19,77,95,37,360,142,327,100,17,132,206,301,3,743,170,4,6,1660,316,644,126,90,174,188,73,2,3,56,156,155,28,127,873,118,2,49,38,3,93,11,45,263,7,28,23,54,152,649,92,58,95,46,45,1,1,38,58,121,333,258,666,215,342,4,176,211,165,88,106,169,268,207,57,57,207,160,255,94,136,376,46,39,49,174,51,31,63,228,68,300,173,145,181,186,138,107,37,38,20,658,1867,186,800,3,533,204,29,21,8,46,12,283,361,21,9,261,170,105,160,526,769,20,68,49,66,23,76,34,17,13,14,32,28,18,140,43,42,139,5,12,18,15,46,11,16,8,2,60,177,68,16,127,76,172,60,1051,18,131,89,40,248,39,326,108,63,374,159,538,247,387,48,90,286,67,13,61,118,214,129,365,530,237,101,187,145,76,129,473,89,56,30,105,16,3,21,659,18,192,23,1,216684
PETROL(E20)/HYBRID/CNG,9,1,3,1,1,1,1,1,1,2,2,1,1,1,3,1,4,1,1,2,1,2,4,2,1,2,1,3,2,4,2,1,1,1,1,7,1,5,13,1,1,3,1,1,1,1,2,3,8,1,1,2,1,2,2,2,2,1,2,1,3,2,2,1,4,5,1,1,1,3,21,2,1,1,20,1,2,2,1,3,1,1,5,1,33,4,21,1,1,2,1,6,4,2,1,2,1,4,3,2,1,1,5,2,1,1,7,1,1,1,1,8,2,1,1,2,1,1,1,1,1,2,1,1,1,7,4,1,1,1,2,2,2,2,2,2,1,1,6,4,8,3,1,1,2,5,4,1,1,1,1,1,1,2,1,2,1,1,1,1,1,2,2,2,2,2,1,4,1,1,2,3,1,8,2,1,1,1,1,6,3,1,1,1,1,1,2,1,4,5,1,1,3,1,1,9,1,1,1,4,8,8,15,4,1,1,1,2,2,2,5,1,1,4,1,1,1,1,1,7,3,36,2,1,1,1,2,1,1,1,13,4,1,648
PETROL(E20)/LPG,3,19,3,5,79,2,44,1,2,1,3,38,6,6,7,2,39,1,4,36,3,2,21,31,1,217,16,6,32,5,2,32,4,13,1,8,2,11,4,7,71,2,6,8,10,13,2,1,12,27,4,2,10,2,9,1,293,19,50,4,1,130,3,2,39,1,1,6,26,6,7,53,35,1,3,47,3,1,27,82,1,1,9,18,3,1,2,3,40,7,2,1,2,86,1,1,1,1,1,3,3,2,3,1,3,2,1,1,7,4,77,1,1,5,10,130,2,1,1,1,17,1,16,2,1,15,7,2,2,3,1,3,157,1,1,4,2412
PETROL/CNG,1060,1192,89,455,5,55731,37036,1,3009,1669,5075,62,71,427,258,8407,1004,16,110,78,1388,8863,1050,132,1520,2692,118,1708,8392,23084,1,528,136,360,145,374,126,130,130,89,590,5,143,3401,82,161,321,779,366,312,717,4702,767,7082,351,2973,66,21131,23008,496,34,565,812,495,1,6000,413,1889,54,11374,59,14,240,113,13621,1153,23444,761,1,30,55,782,3509,524,188,15478,5290,193,2432,14731,12702,1495,17,1468,492,487,194,1,4255,82,2751,1175,3059,1679,1450,1015,6177,9424,9087,12435,3347,237,189,344,544,710,447,830,5294,28499,379,17442,3521,853,661,5167,2609,560,30905,315,1199,4064,1718,76,173,1617,43,14,5227,1233,2886,7,205,315,5429,3,7217,320,1851,2,6,151,5,1189,1,2461,411,4213,109,17829,8,54,25,13222,29446,113,515,366,295,15,353,4624,103,1,546,2,3796,64,1808,67,1498,418,1929,903,1519,620,1473,2851,1058,1,445,812,12365,346,4699,532,623,775,624,148,5,2436,3674,140,942,1,768,1162,2150,1369,1038,139,33,539,1443,6,12,176,324,365,391,293,9077,12,1735,140,126,656,13,6,431,2274,3676,5881,564,2819,842,61,2215,505,1589,1000,234,6268,54,628,1664,2132,2556,3,2649,122,181,945,4,318,6,148,96,542,2875,145,1272,2021,11113,83,13,3,35,10088,12253,1,1,2377,7304,327,3888,339,650,3991,5419,22236,1043,2310,8690,694,2520,1753,86,3851,39618,3,2527,91,59662,287,174,1,57,4630,282,3,3169,1112,791,511,233,69,216,184,4,362,1435,6728,515,27944,546,2,2453,13260,1326,391,181,1090,2,87,1588,1071,1226,705,165,3095,2051,240,1348,1629,1521,2703,1731,1465,3730,4587,7,779,624,506,1274,326,981,114,10672,164,5066,89,127,5,5,53629,617,193,8,33,2187,1423,775,4,32126,5152,191,2640,703,21,821,59,15409,14,100,132,13,5856,204,528,7186,1992,102,3548,3879,3661,15667,14,3041,3,8586,189,7,1,4441,186,11508,2278,2568,3606,343,24,710,143,2,55098,230,399,2,845,2,195,278,2039,101,1,427,26477,3595,305,225,148,1,2,6,4815,984,264,399,299,547,1565,2016,13,48,120,266,44,2,259,529,451,100,3524,452,434,164,1086,23046,503,1533,39,688,130,532,531,238,7,991,12947,547,679,50,1471,2314,16367,406,205,2463,180,221,276,1078,494,2848,198,327,515,1488,52,1,79,16,55,2864,6107,1648,1245,251,13,451,201,369,2,1208,201,165,1,2,624,2,5,6,10166,342,137,202,105,297,519,873,465,572,7,3182,887,46,3295,24,125,256,9,14,841,2087,9,3249,163,346,279,995,786,388,5,13776,1295,114,363,1500,25137,1909,32296,136,400,458,2069,15417,6885,26687,2075,1,595,248,31789,37051,25163,141,58,245,380,3759,289,2747,6,1385,14,1168,5729,211,2,75,2826,5,7365,458,303,7,380,982,252,4598,3153,2138,922,2,498,516,4,6536,1329,432,283,1946,4844,7010,72,666,26922,43,18148,327,489,557,1338,16930,165,300,664,30,447,142,2,16268,23503,1272,16,14786,1135,2,436,129,431,396,1033,59885,164,88,12374,520,136,400,670,14804,3005,2767,3,168,126,487,15,480,141,2735,14101,483,889,18337,9073,172,145,55710,586,214,231,3313,85,893,138,15498,6089,50,71,34981,666,181,121,148,291,15416,603,365,619,459,757,406,365,3687,1047,117,261,645,409,445,4255,1,1901,3561,844,253,237,135,143062,26814,633,725,184,798,3953,47,120,6,97,1825,7,312,22127,207,1,41,2,169,29467,38,1638,115,140,1105,51252,3,3207,2996,1221,1292,459,171,1166,184,482,16,7073,1635,152,618,63,396,165,2340,2020,2625,39,2217,18032,563,33,10,42,10,7,24,27,13,22,2,1,1,8,29,9,19,2,14,41,22,18,37,14,9,8,6,7,2,1,2,1,4,1,7,1,1,7,2,3,4,34,6,28,258,1,89,3,1,19,131,24,1,1,4,1,1,16,6,3,9,5,10,16,10,9,2016,1,1,102,11022,1188,1208,282,1033,1892,1376,790,733,27430,526,64215,2745,1247,7771,667,1394,485,3501,1330,304,919,1776,2822,1399,4230,145,879,1868,569,4724,2964,903,3164,7175,3309,1285,3869,541,1104,1949,2908,1908,3182,1230,694,12414,4962,1234,12172,3087,653,3875,3096,6359,8747,1541,2864,3528,4118,5397,4519,3201,3029,3833,14806,856,2858,253,114,104,1049,89,311,1024,415,36,8683,3798,29,5,3,78,1016,1641,17,15,68,1,161,356,143,437,27,1,312,468,40,755,22,202,2208,1859,147,41,15,8,301,2865,67,87,13,23,9196,5693,60,88,4,28,233,521,232,134,5,79,14,16,196,2019,120909,526,4,459,5,227,5350,275,458,9010,106,30,34,11598,9,106,59,238,105,110,2386,7,433,2017,30,121,262,216,24213,45,1617,1046,636,753,1015,2247,182,6,3026,92,555,455,881,1981,524,3532,495,10,13203,469,239,59,143,1482,785,213,39,19,19,1032,391,14,153,16,688,12148,2618,9777,43,79,53,763,74,207,2412,31,6,17,181,98,48,66,8,822,27,66,19,20,24,44,1192,77,24,38624,461,144,37,56,3,12,85,5,66,376,445,4009,65,18,10,631,9,129,19,27,62,53,151,27,108,901,35,274,34,5,84,138,78,779,181,78,444,63,72,2427,150,42,273,25,27,54,40,42,940,47,560,137,2504,259,831,3163,91,11,501,6,1774,1309,1944,274,3523,210,4474,6,4222,410,185,1601,1361,520,91,543,183,12,418,237,1390,20554,2,23832,5265,1545,52647,1823,489,9278,182,610,114,313,190,776,717,193,53465,21341,3,3201,1866,58,872,1,999,365,2,133,1421,3,3544,226,392,6520,318,20993,4,90,175,245,357,247,48226,1499,636,38,229,152,295,287,215,329,1000,896,78,428,71,204,391,537,1259,189,323,278,18,358,439,587,238,419,1034,909,762,1437,307,219,326,979,770,12277,55198,1277,1902,1336,2,188,58,215,1005,14246,6,2965,3058,4,428,84,2338,20550,2,134,342,36,33,202,131,75,108,91,184,352,97,684,356,235,870,16,194,39,107,229,238,548,70,148,34,4,56,3795,270,117,45118,2397,260,1086,166,257,13,28155,90,175,19959,120,33977,651,31251,94,98,986,6233,671,48,778,403,199,6258,2219,516,442,641,870,641,142,13027,1,11,9761,794,4501,105,1056,16,3850029
PETROL/HYBRID,163,155,1270,52,4,15458,4620,655,1627,400,654,244,117,987,630,1988,797,421,17,179,1297,1841,1226,264,1909,310,125,35,2435,523,2134,475,1009,1,445,347,224,365,525,548,201,9,589,41,145,487,209,264,67,204,229,1044,547,326,187,434,793,303,4178,1956,419,1629,182,877,781,2,6,1160,95,527,103,18,1062,372,982,215,780,2373,173,1402,378,148,64,50,480,793,402,410,1066,737,357,226,2684,1220,2084,213,287,2487,394,100,281,30,556,321,248,406,423,942,1779,1063,9558,13916,9299,12619,7860,465,535,92,374,1082,131,817,677,2726,356,1369,1188,51,122,811,372,201,7586,728,8,470,891,1451,236,59,133,286,2150,115,488,248,395,687,385,8,240,128,419,6,449,114,740,406,814,123,441,110,374,428,662,216,1096,4227,1526,949,378,160,9614,9126,661,1186,125,406,46,171,407,11718,1561,81,312,207,450,40,1552,965,2142,813,2070,924,2922,1665,2688,2781,1129,337,375,2505,933,349,1142,842,1531,433,366,248,1069,705,512,253,21,523,2444,2703,1954,1339,349,537,809,350,30,53,41,539,187,900,1100,127,932,258,781,213,140,765,129,116,72,575,1545,8115,973,1234,851,326,186,58,3913,85,275,432,96,714,996,1286,417,231,224,788,199,11,2515,561,145,2175,938,79,342,292,667,178,607,3981,1068,312,868,513,312,35,633,47,4,2309,5386,44,322,5537,7849,180,5104,436,857,465,551,5783,293,415,768,105,591,505,619,252,205,4842,25,1254,175,11855,142,358,151,228,391,299,1000,47,250,804,431,336,229,390,245,51,290,303,867,1410,4713,33,1015,195,204,832,3802,537,315,239,2409,111,175,2270,193,209,491,61,590,1375,412,3229,1812,70,509,410,2158,1337,1,236,305,484,989,324,697,1375,1849,202,768,456,773,496,268,579,1790,11040,1333,927,118,2125,9,6021,1395,6,1049,14618,2711,164,534,300,414,314,4930,1816,44,87,400,173,1057,22,81,513,404,270,1385,632,3915,2796,40,1975,91,591,901,135,2025,749,1638,525,3103,1211,965,1143,71,174,647,117,4929,306,3,14186,143,836,3,259,8,1209,166,993,624,1671,4916,351,522,1016,246,500,221,265,2104,316,1346,458,493,1576,3076,638,965,182,564,523,127,3,740,1364,1244,112,3,49,471,613,231,728,430,1206,86,76,41,3,209,280,118,132,734,1506,991,672,372,1260,41,2256,2903,575,911,731,486,164,1888,308,878,275,1392,2757,495,2040,8,1042,4654,125,186,327,1051,1205,592,259,14,343,39,51,405,279,246,196,399,2828,448,1056,226,1016,515,44,208,5,27,938,22,8,123,122,61,94,56,43,431,56,263,101,197,150,1531,1098,1922,1006,388,193,347,17,121,1391,709,526,678,9,649,290,23,252,283,982,5,4209,19,167,825,452,3291,2818,2043,43,1852,661,1417,11,544,2320,3810,113,2652,283,527,543,570,645,108,15,1520,1492,167,267,567,2,12646,7991,10337,88,478,190,1824,3248,252,4371,30,966,1008,253,502,131,9,465,592,523,1186,658,200,2089,498,609,1617,3873,1994,3213,204,68,336,386,54,357,1121,536,706,310,3,258,618,190,202,4194,81,1910,153,1098,351,1530,7539,556,517,1258,3,191,155,143,33,6618,3512,999,127,5139,99,4,223,785,809,118,221,1932,17113,327,184,8750,485,762,1008,2158,2191,402,900,9,37,299,1462,1412,25,452,230,630,962,2066,1672,802,2147,174,324,4293,649,167,599,378,342,857,679,659,485,1168,562,11707,1168,736,163,791,407,967,558,783,1459,649,1343,505,101,360,29,56,358,44,791,940,777,2921,250,437,742,178,1364,898,284,1063,19918,957,603,2132,197,967,6308,265,68,261,4,3,4,280,3,413,806,1107,4274,604,3,131,1,687,9922,120,753,21,350,60,5259,713,467,1720,947,590,93,91,120,557,260,95,12195,280,122,716,792,320,94,615,372,1503,2293,45,73,1147,1853,574,165,74,198,78,170,198,38,106,32,167,24,118,294,64,69,31,73,118,351,102,299,70,29,179,186,225,72,340,176,315,120,149,226,161,205,92,21,98,49,167,74,70,30,70,82,70,361,123,22,145,254,210,151,175,640,48,32,687,58,36,481,14,439,152,59,66,162,145,40,25,223,134,22,345,255,90,278,99,264,4,122,166,38,30,328,1760,334,1186,3,38,6,7,1,1057,587,10,876,14,24,64,3,1,2,20,8,2,7,4,11,18,24,29,1406,520,17,4,8,6,47,45,2,8,3,24,5,12,19,78,3,8,113,111,4,13,11,5,19,4,44,3,3,12,6,86,97,22,38,9,22,1345,1457,4559,910,171,1344,1342,1228,420,1084,210,114,12649,3664,177,40,164,191,2201,1906,59,434,150,74,331,376,218,762,90,235,1084,1786,220,2788,52,344,4640,1822,1240,58,1011,73,1203,4193,90,400,1100,571,563,8191,293,253,306,327,258,678,599,236,533,194,53,377,1320,2177,9314,200,117,2432,285,405,3565,2131,629,1174,535,802,439,1409,189,582,191,976,234,222,605,2845,13206,1225,4,1654,119,291,659,1114,49,226,920,1036,206,166,1299,224,80,710,15,1,309,649,519,1389,3785,58,281,155,729,2246,462,338,418,241,955,310,284,97,63,67,1024,262,20,301,78,103,3825,75,14242,136,201,226,108,105,717,138,86,21,183,233,99,113,240,22,1328,23,155,187,79,40,38,260,234,83,46,17332,178,342,66,89,79,21,76,23,100,333,747,158,146,43,44,1371,26,153,40,59,120,279,211,94,216,105,122,338,81,30,190,502,289,108,139,198,523,90,122,154,269,40,296,87,120,143,51,86,141,185,36,55,497,52,8,823,53,400,9,5,27,5,2097,1738,159,2963,106,16,308,1308,3081,1494,20,731,545,343,216,637,537,67,1147,597,1424,475,63,845,2147,1443,16,11580,1851,15,23,15996,1458,2329,503,923,806,840,304,4,6,291,756,671,89,254,9764,815,7,414,384,31,492,63,279,1694,6,162,290,381,840,3866,586,178,897,334,129,21,6,159,488,633,1869,1268,6759,909,1445,1,692,796,594,361,335,635,1855,1459,198,253,1244,1125,1185,110,1017,2659,179,169,193,1281,335,82,461,1388,362,1494,1579,939,749,770,479,508,189,329,115,4425,14979,1448,5090,2,2488,428,247,184,10,301,8,1961,3467,77,141,1301,691,456,700,2771,3144,23,278,173,339,94,19,4,3,4,232,3,4,34,6,2,18,1,3,83,3,6,3,15,9,148,515,390,44,816,436,1614,138,8557,316,681,472,108,721,52,3424,429,259,3255,709,4200,1095,4984,177,365,1401,618,99,109,513,506,528,3107,4470,1530,677,1048,772,756,626,2008,200,98,49,658,46,26,345,4373,124,1513,297,13,1372606
PETROL/HYBRID/CNG,2,5,1,7,13,2,18,5,1,23,4,5,13,9,14,1,1,1,1,4,1,1,3,9,1,7,1,29,5,2,15,1,3,2,1,24,49,1,18,16,9,4,1,1,5,1,3,5,1,3,1,29,4,2,1,1,1,6,10,27,1,1,4,100,3,1,4,8,16,2,16,6,11,14,1,1,46,69,101,1,1,3,2,1,1,1,1,1,2,1,1,11,11,7,2,1,2,7,2,9,2,1,1,16,5,1,10,3,10,1,8,3,4,4,13,7,1,3,2,6,1,6,71,2,2,1,2,6,11,4,1,3,2,4,5,1,248,5,2,1,8,13,47,7,7,6,1,5,8,1,6,1,3,4,1,6,2,1,9,5,2,21,3,165,1,28,127,8,1,1,4,15,4,11,14,1,36,6,13,1,1,45,12,18,3,1,13,2,4,3,1,1,26,1,17,6,1,3,1,3,1,4,1,1,4,11,5,3,5,11,11,3,11,1,1,2,2,3,5,65,1,1,1,1,1,4,9,3,1,2,1,5,1,2,1,7,4,1,5,5,1,2,6,1,1,3,10,1,4,6,162,8,6,1,1,17,2,1,4,4,8,8,5,1,3,23,1,1,1,2,22,1,1,1,76,1,1,3,70,105,3,40,1,11,11,1,50,6,41,1,2,2,29,10,1,4,2,1,2,1,1,5,51,10,8,1,1,10,8,1,1,2,1,6,7,1,1,8,27,1,1,5,10,1,2,1,7,250,16,3,4,1,5,2,10,23,2,1,35,3,2,84,1,2,2,1,43,1,1,1,7,1,3,1,1,3,1,4,2,11,1,8,1,1,1,4,20,1,2,1,1,35,1,2,10,3,2,4,1,1,3,6,13,6,1,1,2,47,6,1,1,73,1,6,1,7,1,6,2,2,4,2,5,6,2,37,2,3,4,1,2,2,1,31,83,31,191,18,4,1,2,1,1,25,16,1,6,2,5,9,2,12,4,1,1,1,1,2,1,1,1,4,2,1,2,3,4,10,3,8,8,2,1,2,1,31,2,49,3,13,3,1,9,16,3,4,2,1,2,2,6,62,24,1,1,1,21,1,5,4981
PETROL/LPG,6,1,182,4,1327,146,9,4,3,1637,165,7,46,1446,13,986,1,33,1484,9,1,1,1,5,476,9,11,90,89,31,3,8,1,6,1,2,36,355,782,49,2,355,1,1,4,39,3,222,128,1,59,5,45,482,108,321,72,1173,2,132,466,2839,2,2254,74,87,2177,6,1043,20,451,15,925,10070,6365,537,628,1789,10,321,29,34,1065,189,1,4083,1,7,64,22,1934,1,10,1005,2822,801,112,159,49,1,114,762,1,322,491,1,1,1,2,1,1,1,1,95,1,33,5,101,83,2,32,28,1,11,269,3,1373,981,4360,2681,1663,1645,1073,1694,2,16,8,1462,17,1,84,112,320,136,20,1512,1120,2,133,355,106,123,78,43,1914,22,93,41,5,1,2,356,13,2,4,4,1063,1781,194,1,240,144,1,495,3,133,62,89,63,726,376,519,843,554,294,310,1,55,12,15,23,25,75,3,2,23,7,12,174,251,1388,2103,1,352,154,1,455,451,633,12,1,1,148,2,1,1,173,5,17,1,77,13,4,43,4,1,3,1,9,1,75,10,505,30,203,152,13,60,1,43,3,515,364,369,708,944,320,7,671,155,31,19,9,4,279,2,27,1,10171,4,3,8,758,2,2538,3333,238,28,207,15,4,1,19,1,14,11,2,2506,392,457,5,324,1651,1,18,1561,207,1,670,10,54,186,369,299,2,84,1,1,10,140,335,4,359,2,3,569,5,59,333,154,2,2,3,311,45,501,12,33,372,1,127,133,934,435,10,137,2,2,6,321,950,8,15,104,669,4,73,18,1,4,99,286,55,55,70,14,1200,1,1,2,6,511,3,701,1,2,2,7,31,11,1,8,4,107,110,252,330,311,82,1,6,264,673,2,12,64,7,2,822,290,2493,21,2,3,3,39,6,7,11,8,1460,28,1,8,32,136,57,105,1,1,1,1,743,127,1,748,1376,7,91,1993,3,55,2047,15,3,273,61,1749,99,419,181,175,1,842,142,14,1,25,13,6,3245,12,1,32,499,100,12,107,1,5,245,305,8,1,3,2,2,8,115,275,9,65,37,3,9,5,3,26,359,1,2,2,1,78,111,33,691,4,1087,2,2,1,1,9,1,3,40,3,1,1,194,21,268,195,16,82,2,2513,2,153,56,86,1,27,346,77,20,1254,9,4,1,4,9,402,33,7,75,18,214,137,582,35,21,363,6,46,5,356,8,197,19,67,1724,551,1,5,1,121,17,6,1,39,19,31,105,30,6,3,451,227,18,503,11,1,3,2,133,23,68,54,18,62,8064,473,864,72,17,20,4548,352,1,1,58,19,1746,41,28,3892,1,3612,8360,3392,3737,5317,652,545,36,4,35,4,1,59,1499,1,1,2,2,58,2016,1,1,14,743,600,1,1,1,1,3,85,10,3,1,777,1632,1,27,714,2,1,1,58,351,1176,1841,117,884,1,878,40,116,84,104,5,1052,222,8,113,28,72,2,3,53,1,100,1,1,67,6,6,49,3,807,7,1819,1,2054,80,1,86,1,5,7,69,204,79,5,6,1,864,1,90,93,36,498,5,436,7,53,12,19,2,1,126,5,2,1,2657,563,144,24,2,11,3,4,1,73,17,19,16,36,43,15,12,2,36,2,6,22,1,9,95,30,22,114,169,1153,300,47,57,57,867,116,2,127,11,164,39,323,525,1424,1263,1,6,785,14,16,63,1710,2088,141,4,3,2,1,1,1,2,1,7,4,3,4,1,1,1,13,12,189,1,11,29,12,2,26,1,37,19,1,1,26,280,14,5,34,2,48,1,29,19,23,65,39,53,4,1,4,1,19,3,20,262,3,262178
PETROL/METHANOL,1,1,2
PLUG-IN HYBRID EV,1,2,3,1,1,3,1,5,2,1,1,2,1,2,1,3,1,4,1,6,1,3,8,4,11,1,1,1,1,1,5,1,2,1,1,1,3,4,1,1,1,3,1,1,2,1,1,7,8,1,1,1,1,1,2,1,1,4,1,1,1,2,1,138
PURE EV,15,263,1170,907,27,28714,12393,771,9009,3768,6285,623,893,4125,1827,12621,5052,1309,193,26,3451,8099,875,696,3975,2173,717,10,28,15907,770,6561,1064,11,1621,497,996,783,1238,483,1929,773,371,1286,59,1401,2455,501,492,3056,118,888,2473,2465,1789,3042,1,5330,7045,1126,39372,2431,1909,5419,2952,3634,4113,27,5980,1398,1881,15,1,569,500,793,283,150,2200,1209,795,4867,2156,121,722,562,1980,1383,1697,1078,9496,478,2541,115,4632,1385,13441,2247,3688,2957,2764,408,1465,1546,3453,593,148,3234,6444,4226,1987,4478,24833,25071,18236,46977,25054,6226,2710,1322,1923,5995,363,5130,3079,2650,3996,2733,10372,2712,395,938,1330,3899,26828,2443,1750,6741,11618,1438,139,901,1329,2118,1008,2062,228,292,4296,1951,211,594,1670,4332,90,1987,4987,4469,825,1439,1857,93,3919,1368,2293,2867,16,6178,12104,7145,6603,287,284,13506,16272,1077,2253,875,1510,3,682,2700,8490,1848,1,3656,981,341,311,2909,824,4755,2360,4968,3073,5185,2381,5118,4872,3869,3,536,1,4292,21824,6927,282,4959,1026,2736,2819,1045,1371,4333,4654,1704,3530,3,2587,7453,7347,4948,5688,3294,2714,1407,2409,5,55,33,1026,948,4077,3055,50,1125,710,226,3076,391,5869,35,2776,865,2692,7972,10023,2534,5404,3903,334,5048,1533,5499,3375,2882,3686,214,4425,7008,4435,1803,1000,5504,6876,1932,3962,2183,17,43,3407,181,75,567,1,14,1184,708,1094,13691,4351,2491,3292,126,421,296,3111,625,26,1588,8934,3,12,6067,18326,147,8290,2763,6785,2620,3443,1862,341,3329,8133,13,2685,1612,1131,165,327,5582,170,10241,918,18896,536,1270,2553,1587,505,1211,2406,1062,4490,6730,2730,3810,105,1602,188,546,556,6509,545,3014,30324,3470,78,300,5153,15299,1917,616,679,6462,1806,356,3661,1427,235,2161,1793,4498,5721,1940,316,8924,59,4074,1291,4050,1240,3,121,2754,2629,2834,4710,1708,6789,3727,1088,3424,940,9845,518,1088,564,808,45890,3350,914,936,108,35,26155,1518,7543,2015,46709,17486,744,7344,867,1571,2129,5922,4323,443,1173,1231,1295,5717,1233,287,592,2280,1078,4797,518,8179,19509,667,11,2783,1512,375,2709,464,8165,1432,2956,1886,12,1227,6599,89,25,3194,527,3,7223,1040,13143,3970,2284,1465,2744,1828,100,803,1105,4355,23468,3177,1239,1828,6,941,2,3455,1684,578,3809,2258,543,3063,2505,1982,1242,3790,3913,3687,1285,5,2266,2379,3413,506,1166,794,2009,1268,2840,1555,1,2901,179,7,784,86,9,2629,1388,210,1122,1802,3488,8,1821,5307,5420,16,23970,7289,531,3091,608,1774,102,9940,294,1136,921,2017,3825,1184,6946,5138,12810,27,1270,2959,2739,2624,1260,61,636,160,235,2153,2119,2136,1431,717,3179,1175,3891,115,2711,4619,673,476,67,3,8,308,68,8,1,5,4,314,8,1472,1870,2343,424,1273,2827,4570,2569,459,212,232,1,201,2880,1501,12808,423,1,676,977,28,1152,4842,7240,20,9925,1,1488,1611,658,3666,3633,5627,741,12579,2657,1659,1151,3882,19429,137,6004,502,3435,2787,5,3559,1074,10470,1724,4293,2820,8078,140,8502,9045,9003,944,12474,1180,2300,11084,3840,21190,68,3058,1613,1483,3140,976,413,920,5186,726,8792,4704,989,6349,1061,4617,3722,26321,12915,11293,3731,1429,2658,2274,4,8,9121,2253,3080,265,169,244,557,5062,162,32664,206,3896,4764,4526,2562,3023,589,928,2881,2467,284,481,754,108,5,7337,10067,3886,1177,8699,86,55,502,2200,1526,63,1966,4924,27105,591,719,4498,3197,429,1960,3673,11209,3015,4922,739,2448,1162,3616,211,2648,1261,4998,1035,1791,440,1549,2795,855,374,7195,408,2540,2742,4460,590,4421,3753,3905,284,827,626,26087,2307,975,17,1557,203,2932,905,1657,2475,1276,3041,4935,431,2912,408,33,157,3785,1731,1968,6125,237,453,6206,769,3059,1612,163,987,73750,9,2880,6256,1703,2250,7593,183,1554,99,73,141,586,18,2417,271,1982,18852,1164,115,466,15,1073,6395,586,3571,2206,1051,2440,12636,733,15534,2383,4542,826,4199,268,210,286,639,398,1354,12223,1327,6,2950,437,1666,62,5839,491,3954,14037,126,12,6207,989,1229,118,2,15,80,26,92,2,65,1,29,2,25,36,12,3,6,3,14,57,3,92,13,1,42,74,41,7,61,145,63,15,14,15,15,28,7,1,2,17,113,10,21,2,1,12,10,54,7,15,111,34,72,75,155,3,4,57,6,8,155,118,66,2,10,10,7,20,35,79,44,13,66,8,75,9,91,17,3,301,1706,3806,4108,401,657,322,799,181,4306,1817,227,4611,1006,978,4360,455,176,104,762,544,223,598,491,906,811,933,59,555,6892,2036,1046,224,232,353,5076,211,196,909,450,1169,55,379,105,1603,154,265,7357,560,910,498,725,463,1444,413,3919,93,110,813,514,535,4928,1612,2361,1749,1618,19271,7522,11623,5538,70,3892,15824,4163,1291,2595,7167,746,27812,20678,39,258,17,3445,5801,3593,139,49,3468,15,613,527,870,1230,176,8,10313,2934,54,1813,2773,5994,8251,11066,2493,401,2080,242,1422,24981,3302,2976,2306,48,7193,23605,1709,1015,367,45,531,7998,891,680,1176,49,2802,232,1060,3677,34922,8956,11,6367,1468,420,1860,5082,1770,8302,283,102,64,21176,1779,1481,1687,1791,68,1,6282,4873,30637,5836,43,4721,458,1547,1157,2439,135,131,2333,7374,568,629,13634,1815,1801,5187,347,2783,2955,4514,2811,166,288,6076,518,16486,4633,1161,293,2512,5741,1482,1023,173,36,50,950,753,7,119,21,63,1355,86,2594,67,88,83,143,55,1548,140,78,52,5,210,50,38,32,16,653,3,85,230,52,85,14,51,280,90,119,4038,218,310,65,313,10,42,23,15,75,696,548,138,294,47,13,84,11,275,39,21,49,68,216,15,175,108,49,140,70,43,123,499,179,13,122,73,568,75,239,147,279,29,197,37,68,146,30,35,105,102,3851,2676,864,2,2621,1530,2529,656,461,1194,318,6929,4620,4679,17,913,7044,4894,233,230,4065,1235,473,730,553,1804,4333,1776,2291,1743,3789,42,1927,1121,2947,1,14259,6016,663,1507,17503,4912,3706,510,14847,1655,2090,469,1120,1354,4887,711,2192,34033,1529,45,2681,1894,1413,2067,5147,3945,47,41,332,4418,381,7461,6015,144,769,1267,1,6234,223,6,1170,2316,3203,2169,8081,629,4607,118,1362,1648,1816,880,771,2054,4721,4138,297,745,902,1209,2873,107,2524,7208,567,1686,890,2113,4619,3,3709,2312,973,3068,8911,8455,1388,4267,1033,868,89,2192,94,9096,48542,3488,11356,10858,262,914,473,1,1055,136,7255,10992,1928,2089,4533,843,2805,604,6075,13325,1232,565,299,1219,609,127,351,132,57,896,246,386,1885,575,191,2762,21,138,202,89,245,144,96,1,271,862,1442,5,725,3386,2129,465,18575,3891,1595,4885,576,2580,325,4946,284,684,20059,1304,8337,1099,4071,711,457,5476,1692,5163,518,1724,581,1327,8575,15101,5274,1916,2725,7045,2533,1082,17235,1,4,960,2537,1,628,10908,104,6987,27,4069917
SOLAR,1,1,1,1,4
STRONG HYBRID EV,2,17,134,1,4227,863,52,177,18,92,25,12,164,94,461,95,12,10,352,213,223,13,352,68,14,242,75,432,5,180,2,24,4,37,34,12,15,2,47,6,46,146,5,18,5,20,21,139,57,18,8,62,100,30,1334,660,41,87,14,53,72,1,67,2,85,1,2,324,55,6,28,12,512,28,254,42,1,4,25,60,35,20,234,12,18,26,132,329,624,17,3,113,13,7,3,50,26,42,35,78,40,176,123,3501,3583,2125,3169,1771,16,10,2,27,53,8,35,41,408,34,258,172,1,14,116,107,11,830,39,1,37,82,147,20,4,5,4,89,11,15,26,2,51,19,12,3,73,114,27,53,9,20,6,11,11,8,69,182,4,170,357,364,20,25,5,3697,2201,96,194,12,42,3,4,92,3756,191,2,7,3,39,1,240,119,650,226,277,93,887,470,493,839,166,30,15,574,36,19,100,52,325,29,17,13,80,75,56,27,1,13,595,549,489,246,19,12,64,27,3,1,38,17,72,81,21,48,4,290,14,7,36,2,3,1,21,152,1039,53,95,162,47,10,210,2,45,92,2,86,173,172,3,10,2,92,8,59,16,2,109,120,69,1,1,21,13,23,375,104,31,125,3,13,7,32,7,1,397,937,1,12,302,1663,20,1757,83,211,50,83,1628,43,32,152,3,51,59,11,101,1,1841,2,38,5,5870,10,26,1,2,62,38,13,3,14,78,8,71,26,25,37,5,23,20,121,237,435,83,5,8,42,564,65,34,20,323,2,11,205,10,25,73,4,58,207,18,1636,221,2,92,38,63,270,22,1,30,72,7,77,172,133,31,272,29,183,55,25,22,56,1095,267,86,2,211,297,407,40,2771,648,14,105,33,9,51,439,282,1,9,50,9,99,4,53,34,14,70,70,525,583,50,2,91,102,10,58,15,322,68,401,580,131,133,4,3,31,4,1128,19,882,2,101,1,23,232,15,133,4,284,1501,84,77,78,2,6,434,4,222,124,40,193,567,103,30,7,32,47,4,21,200,245,13,4,54,50,11,26,30,152,6,3,1,3,76,8,179,366,51,71,18,107,1,514,574,6,273,65,48,11,302,14,205,23,153,448,57,743,113,1575,10,63,152,140,61,3,2,42,15,41,39,54,11,11,136,38,96,27,9,77,2,16,1,1,12,1,1,7,7,3,3,3,3,29,20,9,11,7,207,164,388,194,38,72,39,386,31,105,66,87,18,1,2,8,96,19,735,28,128,29,274,249,162,2,585,131,184,63,375,1261,14,525,33,90,41,64,83,452,799,11,2,33,3875,2255,3525,8,28,18,460,111,39,728,52,30,18,48,21,7,18,32,10,339,28,17,21,56,38,189,438,126,571,7,72,112,4,13,153,27,105,58,2,18,59,19,23,1167,11,320,1,120,16,240,660,33,62,197,11,10,6,3,1819,517,154,3,1450,17,1,16,49,56,2,17,185,9715,11,19,1846,26,79,125,376,612,44,69,4,23,208,226,2,19,56,64,158,302,468,89,805,4,18,1004,28,19,54,63,7,100,56,110,61,144,63,928,232,55,6,111,44,203,59,110,278,32,492,92,12,37,4,6,3,179,60,158,493,1,45,35,6,268,122,5,111,6592,213,31,77,13,131,1261,2,3,31,3,11,59,123,123,684,39,1,8,1,32,2355,3,72,53,1661,3,56,1098,123,153,14,9,13,22,6,571,37,2,75,63,26,17,23,11,207,295,1,1,42,281,73,23,3,23,84,11,3,1,8,12,2,8,41,7,1,4,3,7,8,3,30,3,2,9,19,22,3,29,17,49,7,9,10,13,6,5,4,4,10,18,3,11,1,2,6,5,10,2,2,17,23,10,2,36,136,2,2,59,8,1,35,2,88,71,2,4,10,7,1,2,13,1,77,36,15,53,8,15,5,10,9,3,39,353,8,143,2,6,8,2,124,425,913,23,4,160,6,6,2,21,4,1,5,29,2,32,1,1,166,52,12,4,8,5,160,23,2,11,6,12,7,3,13,1,451,77,8,7,2,6,161,4,3,13,11,1,337,67,113,17,43,313,113,1127,30,40,45,126,56,108,297,22,3,1129,569,4,4,3,5,143,605,9,20,21,1,70,74,54,103,6,19,78,165,7,326,9,18,1245,156,88,13,34,3,179,466,5,33,30,15,211,3518,29,44,9,14,49,30,96,59,13,30,4,8,128,598,3232,29,7,130,8,49,1021,121,139,243,69,42,46,238,4,42,13,74,25,1,36,120,1456,169,70,6,45,47,205,7,31,72,40,3,3,412,7,5,96,70,73,63,240,685,16,54,12,36,415,38,27,21,24,62,30,53,7,11,7,215,93,12,2,10,659,20,5087,18,9,18,18,7,84,22,3,5,1,22,21,10,16,4,166,4,16,25,14,4,2,13,60,22,15,3747,17,23,6,12,4,12,13,2,7,63,86,35,14,6,9,8,7,27,8,3,15,16,24,11,20,9,11,47,9,3,16,53,17,2,14,8,52,12,8,24,20,2,40,6,6,14,5,3,10,18,2,1,13,2,13,1,85,2,150,249,6,743,5,8,65,218,410,1,83,10,20,8,82,39,2,69,108,23,10,7,93,684,21,1,2555,399,1,2488,148,118,100,232,38,102,27,5,5,133,142,16,15,1915,111,1,102,27,2,22,8,44,73,2,18,21,14,473,36,4,106,27,1,2,48,1,78,326,178,2040,204,229,2,84,217,32,37,27,47,500,465,12,17,173,190,170,7,184,589,12,1,19,36,46,1,87,257,60,265,416,307,98,104,67,43,36,19,15,1031,3446,314,1181,279,18,35,25,33,1,240,466,3,32,229,17,93,87,444,901,6,16,4,11,3,2,2,1,13,9,4,116,9,54,3,9,4,1,1,3,1,10,56,12,92,41,387,12,1307,62,108,17,5,65,11,759,53,29,810,93,796,89,1345,8,24,212,67,6,15,27,21,62,569,662,79,96,141,55,49,102,751,10,3,10,46,1,21,1054,30,111,28,250055
Total,0
