"Fuel and State Wise Data for All State (2019-2026)"\n\nFuel,Andaman & Nicobar Island,Andhra Pradesh,Arunachal Pradesh,Assam,Bihar,Chandigarh,Chhattisgarh,Delhi,Goa,Gujarat,Haryana,Himachal Pradesh,Jammu and Kashmir,Jharkhand,Karnataka,Kerala,Ladakh,Lakshadweep,Madhya Pradesh,Maharashtra,Manipur,Meghalaya,Mizoram,Nagaland,Odisha,Puducherry,Punjab,Rajasthan,Sikkim,Tamil Nadu,Telangana,Tripura,UT of DNH and DD,Uttar Pradesh,Uttarakhand,West Bengal,Total
BIO-CNG/BIO-GAS,0,0,0,0,0,0,0,0,0,0,0,0,0,0,0,0,0,0,0,0,0,0,0,0,0,0,0,0,0,0,0,0,0,0,0,0,0
CNG ONLY,0,47335,142,2610,123598,960,616,197602,1139,419862,175858,665,33,26591,210545,61056,0,0,57996,364542,0,1,10,553,10381,405,22627,89841,1,133558,18084,17266,1372,291910,8720,7684,2293563
DI-METHYL ETHER,0,0,0,0,0,0,1,0,0,0,1,0,0,0,0,0,0,0,0,0,0,0,0,0,0,0,0,0,0,0,0,0,0,0,0,0,2
DIESEL,4823,907871,58403,316690,769049,54046,566467,104484,33459,1668587,1028401,155400,186887,377740,1433647,515760,10742,482,1508194,2359845,20154,41007,24266,98661,596344,25061,764555,1740333,15954,1233326,989230,23673,40525,2294341,168439,559528,20696374
DIESEL/HYBRID,2,785,167,420,716,852,970,1077,401,7504,3279,643,305,895,6480,3481,7,0,3625,13249,87,45,18,52,1135,458,2764,3874,17,6202,257,23,756,6035,628,1389,68598
DUAL DIESEL/BIO CNG,0,0,0,0,0,0,0,0,0,0,0,0,0,0,0,0,0,0,0,0,0,0,0,0,0,0,0,0,0,0,0,0,0,0,0,0,0
DUAL DIESEL/CNG,0,1,1,0,1,0,0,0,0,4,9,1,0,0,4,0,0,0,0,1,0,0,0,2,2,0,1,5,0,2,0,0,0,1,0,0,35
DUAL DIESEL/LNG,0,0,0,0,0,0,0,0,0,0,0,0,0,0,73,0,0,0,0,24,0,0,0,0,0,0,0,0,0,0,0,0,0,0,0,0,97
ELECTRIC(BOV),254,135131,123,278450,387830,18594,117374,315115,29591,232093,125093,4781,36343,88080,502958,217574,94,59,228050,576701,2404,1851,1784,62,143980,9096,97377,319477,15,343468,297592,34259,732,1179190,72299,203830,6001704
ETHANOL(E100),0,18,0,24,126,1,38,38,4,28,15,3,1,22,172,98,0,0,37,277,0,0,28,0,26,6,1,19,0,261,0,1,3,42,13,212,1514
FLEX-FUEL(BIO-DIESEL),0,0,0,0,0,0,0,0,0,0,0,0,0,0,5,0,0,0,0,0,0,0,0,0,0,0,0,0,0,0,0,0,0,0,0,0,5
FLEX-FUEL(ETHANOL),0,6,0,32,580,2,28,296,0,133,320,0,0,109,69,5,0,0,176,182,0,0,0,0,76,1,41,1116,0,88,6,6,0,876,21,156,4325
FUEL CELL HYDROGEN,0,0,0,0,0,0,1,0,0,4,11,0,0,0,0,0,5,0,0,0,0,0,0,0,0,0,0,0,0,0,0,0,0,5,0,0,26
HCNG,0,0,0,0,0,0,0,0,0,0,0,0,0,0,0,0,0,0,0,1,0,0,0,0,0,0,0,1,0,0,0,0,0,0,0,0,2
HYDROGEN(ICE),0,0,0,0,0,0,0,0,0,0,0,0,0,0,0,0,0,0,0,0,0,0,0,0,0,0,0,0,0,0,0,0,0,0,0,0,0
LNG,0,3,0,0,0,0,0,0,0,124,43,0,0,1,51,3,0,0,0,945,0,0,0,6,0,0,0,190,0,120,0,0,0,35,0,0,1521
LPG ONLY,0,27,0,1,12676,0,407,0,1,8,0,0,0,3854,29416,303,0,3,611,29366,0,0,0,0,0,82,3,12771,0,13066,10452,1,0,11400,212,32217,156877
METHANOL,0,0,0,0,1,0,0,1,0,1,0,0,0,0,1,0,0,0,0,0,0,0,0,0,2,0,0,1,0,0,0,0,0,0,0,0,7
NOT APPLICABLE,39,97858,2583,9522,59383,0,56245,6,26,33411,1719,2,0,6985,113638,244,1,0,10828,113477,0,62,0,66,28363,16,20,19922,0,287,143928,2,310,2149,1420,2014,704526
PETROL,46765,5368558,146439,2990838,7184191,219760,3332354,3194365,381518,8385712,4004318,756690,934915,3205363,8296606,4418543,17782,6423,8184906,12405035,204285,187987,172677,82292,4072803,336853,3511926,7651004,52532,10231914,5702129,276713,90798,18926252,1381391,6484313,132846950
PETROL(E20),9787,651446,32108,498715,952626,32237,395414,520368,70517,1112656,501748,119312,167416,491297,1282472,718961,3227,454,848104,1917732,30519,42331,20316,11884,636562,62348,508891,639437,11699,1925349,243191,36430,12975,2008836,200620,1099301,17817286
PETROL(E20)/CNG,9,10472,24,354,23804,775,1044,49929,988,123779,101412,609,210,7777,44786,15886,0,0,47579,173355,0,6,0,1,8727,665,11535,65401,0,33195,3697,3153,1386,139128,5065,13177,887928
PETROL(E20)/HYBRID,344,5752,1456,7053,5294,1193,9417,8175,2391,9466,9846,3424,4161,6733,18368,15939,281,5,6899,15393,597,930,225,733,7397,1273,11352,6856,87,23601,4309,227,378,15611,4606,6912,216684
PETROL(E20)/HYBRID/CNG,0,31,0,0,3,0,2,66,0,50,72,0,0,4,20,12,0,0,146,26,0,0,0,0,0,0,6,106,0,35,0,0,0,48,3,18,648
PETROL(E20)/LPG,0,1,0,0,0,0,7,0,0,0,17,0,0,0,1,1,0,0,682,170,0,0,0,0,0,0,0,889,0,12,0,0,0,70,0,562,2412
PETROL/CNG,7,30092,70,729,55362,4624,841,279639,4375,735028,434968,1766,93,15978,124633,38475,3,8,164201,866129,13,10,1,4,20589,1551,57438,176575,2,83544,132680,19066,6357,553367,18567,23244,3850029
PETROL/HYBRID,806,42936,4235,32721,27451,11718,43561,89331,12748,86385,83062,16774,14216,30100,125985,101010,1159,7,47032,149879,2685,3068,859,3359,39930,5529,51558,49723,528,115442,779,1100,2617,115033,17910,41370,1372606
PETROL/HYBRID/CNG,0,159,0,4,28,3,2,949,2,850,563,1,0,15,71,52,0,0,554,278,0,0,0,0,14,0,51,582,0,114,0,0,1,586,24,78,4981
PETROL/LPG,1,315,6,3,243,0,744,0,5,66,1738,0,3,169,45683,2340,0,1,20298,22855,1,0,8,0,155,126,711,37501,0,42324,46571,0,1,19445,724,20141,262178
PETROL/METHANOL,0,0,0,0,0,0,0,0,0,0,0,2,0,0,0,0,0,0,0,0,0,0,0,0,0,0,0,0,0,0,0,0,0,0,0,0,2
PLUG-IN HYBRID EV,0,4,0,0,1,5,0,5,0,6,20,4,0,0,4,3,0,0,0,33,0,0,0,0,1,5,1,0,0,9,0,0,4,28,0,5,138
PURE EV,271,139546,187,91698,155572,8490,94687,157893,17213,180008,58000,3683,17287,46895,397755,211702,10,85,275233,578969,1642,754,808,51,192122,10435,82462,236337,14,356990,54583,10683,534,530969,32726,123623,4069917
SOLAR,0,0,0,0,1,0,0,0,0,0,0,0,0,0,1,0,0,0,0,0,0,0,0,0,0,0,0,0,0,1,1,0,0,0,0,0,4
STRONG HYBRID EV,123,4556,306,1217,1517,3756,2909,19932,1104,19164,21566,1614,690,1429,26647,18998,12,0,4082,36668,96,186,57,160,3257,1095,11113,6912,35,18608,1962,56,769,33170,2084,4205,250055
Total,63231,7442903,246250,4231081,9760053,357016,4623129,4939271,555482,13014929,6552079,1065374,1362560,4310037,12660091,6340446,33323,7527,11409233,19625132,262483,278238,221057,197886,5761866,455005,5134433,11058873,80884,14561516,7649451,422659,159518,26128527,1915472,8623979,191510994
