"GEO","TIME_PERIOD","MODE","FUEL_TYPE","OBS_VALUE","UNIT_MEASURE"
"IND","FY2011","2W","EV",4068,"Registrations"
"IND","FY2011","2W","Petrol",10467018,"Registrations"
"IND","FY2011","3W Passenger","EV",19,"Registrations"
"IND","FY2011","3W Passenger","Diesel",218672,"Registrations"
"IND","FY2011","3W Passenger","Petrol/CNG",39917,"Registrations"
"IND","FY2011","3W Goods","EV",7,"Registrations"
"IND","FY2011","3W Goods","Diesel",57535,"Registrations"
"IND","FY2011","3W Goods","CNG",6835,"Registrations"
"IND","FY2011","Cars","EV",411,"Registrations"
"IND","FY2011","Cars","Diesel",875334,"Registrations"
"IND","FY2011","Cars","Petrol",1185924,"Registrations"
"IND","FY2011","Bus","EV",2,"Registrations"
"IND","FY2011","Bus","Diesel",90256,"Registrations"
"IND","FY2011","LGV (up to 7/5 tonnes)","EV",24,"Registrations"
"IND","FY2011","LGV (up to 7/5 tonnes)","Diesel",299014,"Registrations"
"IND","FY2011","MGV (7.5-12 tonnes)","EV",0,"Registrations"
"IND","FY2011","MGV (7.5-12 tonnes)","Diesel",48147,"Registrations"
"IND","FY2011","HGV (>12 tonnes)","EV",7,"Registrations"
"IND","FY2011","HGV (>12 tonnes)","Diesel",233267,"Registrations"
"IND","FY2011","Others","EV",358,"Registrations"
"IND","FY2011","2W","Other",18635,"Registrations"
"IND","FY2011","3W Passenger","Other",105799,"Registrations"
"IND","FY2011","3W Goods","Other",1360,"Registrations"
"IND","FY2011","Cars","Other",269910,"Registrations"
"IND","FY2011","Bus","Other",19023,"Registrations"
"IND","FY2011","LGV (up to 7/5 tonnes)","Other",13013,"Registrations"
"IND","FY2011","MGV (7.5-12 tonnes)","Other",484,"Registrations"
"IND","FY2011","HGV (>12 tonnes)","Other",1437,"Registrations"
"IND","FY2011","Others","Other",529394,"Registrations"
"IND","FY2012","2W","EV",6662,"Registrations"
"IND","FY2012","2W","Petrol",12355175,"Registrations"
"IND","FY2012","3W Passenger","EV",28,"Registrations"
"IND","FY2012","3W Passenger","Diesel",199938,"Registrations"
"IND","FY2012","3W Passenger","Petrol/CNG",48040,"Registrations"
"IND","FY2012","3W Goods","EV",10,"Registrations"
"IND","FY2012","3W Goods","Diesel",69966,"Registrations"
"IND","FY2012","3W Goods","CNG",6280,"Registrations"
"IND","FY2012","Cars","EV",698,"Registrations"
"IND","FY2012","Cars","Diesel",1170069,"Registrations"
"IND","FY2012","Cars","Petrol",1097594,"Registrations"
"IND","FY2012","Bus","EV",4,"Registrations"
"IND","FY2012","Bus","Diesel",98022,"Registrations"
"IND","FY2012","LGV (up to 7/5 tonnes)","EV",24,"Registrations"
"IND","FY2012","LGV (up to 7/5 tonnes)","Diesel",381889,"Registrations"
"IND","FY2012","MGV (7.5-12 tonnes)","EV",1,"Registrations"
"IND","FY2012","MGV (7.5-12 tonnes)","Diesel",43776,"Registrations"
"IND","FY2012","HGV (>12 tonnes)","EV",10,"Registrations"
"IND","FY2012","HGV (>12 tonnes)","Diesel",252254,"Registrations"
"IND","FY2012","Others","EV",223,"Registrations"
"IND","FY2012","2W","Other",16757,"Registrations"
"IND","FY2012","3W Passenger","Other",119660,"Registrations"
"IND","FY2012","3W Goods","Other",1688,"Registrations"
"IND","FY2012","Cars","Other",275580,"Registrations"
"IND","FY2012","Bus","Other",16280,"Registrations"
"IND","FY2012","LGV (up to 7/5 tonnes)","Other",-24,"Registrations"
"IND","FY2012","MGV (7.5-12 tonnes)","Other",502,"Registrations"
"IND","FY2012","HGV (>12 tonnes)","Other",2320,"Registrations"
"IND","FY2012","Others","Other",621137,"Registrations"
"IND","FY2013","2W","EV",3477,"Registrations"
"IND","FY2013","2W","Petrol",12967756,"Registrations"
"IND","FY2013","3W Passenger","EV",17,"Registrations"
"IND","FY2013","3W Passenger","Diesel",266284,"Registrations"
"IND","FY2013","3W Passenger","Petrol/CNG",71010,"Registrations"
"IND","FY2013","3W Goods","EV",14,"Registrations"
"IND","FY2013","3W Goods","Diesel",67844,"Registrations"
"IND","FY2013","3W Goods","CNG",4034,"Registrations"
"IND","FY2013","Cars","EV",229,"Registrations"
"IND","FY2013","Cars","Diesel",1446377,"Registrations"
"IND","FY2013","Cars","Petrol",923852,"Registrations"
"IND","FY2013","Bus","EV",1,"Registrations"
"IND","FY2013","Bus","Diesel",107921,"Registrations"
"IND","FY2013","LGV (up to 7/5 tonnes)","EV",28,"Registrations"
"IND","FY2013","LGV (up to 7/5 tonnes)","Diesel",429138,"Registrations"
"IND","FY2013","MGV (7.5-12 tonnes)","EV",1,"Registrations"
"IND","FY2013","MGV (7.5-12 tonnes)","Diesel",34990,"Registrations"
"IND","FY2013","HGV (>12 tonnes)","EV",11,"Registrations"
"IND","FY2013","HGV (>12 tonnes)","Diesel",200494,"Registrations"
"IND","FY2013","Others","EV",263,"Registrations"
"IND","FY2013","2W","Other",18028,"Registrations"
"IND","FY2013","3W Passenger","Other",71131,"Registrations"
"IND","FY2013","3W Goods","Other",1110,"Registrations"
"IND","FY2013","Cars","Other",216370,"Registrations"
"IND","FY2013","Bus","Other",14421,"Registrations"
"IND","FY2013","LGV (up to 7/5 tonnes)","Other",12285,"Registrations"
"IND","FY2013","MGV (7.5-12 tonnes)","Other",314,"Registrations"
"IND","FY2013","HGV (>12 tonnes)","Other",5039,"Registrations"
"IND","FY2013","Others","Other",651934,"Registrations"
"IND","FY2014","2W","EV",1895,"Registrations"
"IND","FY2014","2W","Petrol",13667561,"Registrations"
"IND","FY2014","3W Passenger","EV",23,"Registrations"
"IND","FY2014","3W Passenger","Diesel",232101,"Registrations"
"IND","FY2014","3W Passenger","Petrol/CNG",59129,"Registrations"
"IND","FY2014","3W Goods","EV",4,"Registrations"
"IND","FY2014","3W Goods","Diesel",68843,"Registrations"
"IND","FY2014","3W Goods","CNG",2321,"Registrations"
"IND","FY2014","Cars","EV",451,"Registrations"
"IND","FY2014","Cars","Diesel",1317928,"Registrations"
"IND","FY2014","Cars","Petrol",946996,"Registrations"
"IND","FY2014","Bus","EV",2,"Registrations"
"IND","FY2014","Bus","Diesel",101094,"Registrations"
"IND","FY2014","LGV (up to 7/5 tonnes)","EV",37,"Registrations"
"IND","FY2014","LGV (up to 7/5 tonnes)","Diesel",386878,"Registrations"
"IND","FY2014","MGV (7.5-12 tonnes)","EV",1,"Registrations"
"IND","FY2014","MGV (7.5-12 tonnes)","Diesel",25540,"Registrations"
"IND","FY2014","HGV (>12 tonnes)","EV",10,"Registrations"
"IND","FY2014","HGV (>12 tonnes)","Diesel",156228,"Registrations"
"IND","FY2014","Others","EV",205,"Registrations"
"IND","FY2014","2W","Other",16197,"Registrations"
"IND","FY2014","3W Passenger","Other",61997,"Registrations"
"IND","FY2014","3W Goods","Other",682,"Registrations"
"IND","FY2014","Cars","Other",176890,"Registrations"
"IND","FY2014","Bus","Other",15257,"Registrations"
"IND","FY2014","LGV (up to 7/5 tonnes)","Other",12293,"Registrations"
"IND","FY2014","MGV (7.5-12 tonnes)","Other",328,"Registrations"
"IND","FY2014","HGV (>12 tonnes)","Other",1858,"Registrations"
"IND","FY2014","Others","Other",716680,"Registrations"
"IND","FY2015","2W","EV",1569,"Registrations"
"IND","FY2015","2W","Petrol",14934713,"Registrations"
"IND","FY2015","3W Passenger","EV",10,"Registrations"
"IND","FY2015","3W Passenger","Diesel",229734,"Registrations"
"IND","FY2015","3W Passenger","Petrol/CNG",90492,"Registrations"
"IND","FY2015","3W Goods","EV",4,"Registrations"
"IND","FY2015","3W Goods","Diesel",74913,"Registrations"
"IND","FY2015","3W Goods","CNG",2671,"Registrations"
"IND","FY2015","Cars","EV",634,"Registrations"
"IND","FY2015","Cars","Diesel",1255374,"Registrations"
"IND","FY2015","Cars","Petrol",1107683,"Registrations"
"IND","FY2015","Bus","EV",3,"Registrations"
"IND","FY2015","Bus","Diesel",87589,"Registrations"
"IND","FY2015","LGV (up to 7/5 tonnes)","EV",14,"Registrations"
"IND","FY2015","LGV (up to 7/5 tonnes)","Diesel",334249,"Registrations"
"IND","FY2015","MGV (7.5-12 tonnes)","EV",0,"Registrations"
"IND","FY2015","MGV (7.5-12 tonnes)","Diesel",21893,"Registrations"
"IND","FY2015","HGV (>12 tonnes)","EV",5,"Registrations"
"IND","FY2015","HGV (>12 tonnes)","Diesel",171624,"Registrations"
"IND","FY2015","Others","EV",163,"Registrations"
"IND","FY2015","2W","Other",25169,"Registrations"
"IND","FY2015","3W Passenger","Other",81569,"Registrations"
"IND","FY2015","3W Goods","Other",718,"Registrations"
"IND","FY2015","Cars","Other",204308,"Registrations"
"IND","FY2015","Bus","Other",18502,"Registrations"
"IND","FY2015","LGV (up to 7/5 tonnes)","Other",14827,"Registrations"
"IND","FY2015","MGV (7.5-12 tonnes)","Other",203,"Registrations"
"IND","FY2015","HGV (>12 tonnes)","Other",1416,"Registrations"
"IND","FY2015","Others","Other",747605,"Registrations"
"IND","FY2016","2W","EV",1471,"Registrations"
"IND","FY2016","2W","Petrol",15548753,"Registrations"
"IND","FY2016","3W Passenger","EV",590,"Registrations"
"IND","FY2016","3W Passenger","Diesel",222243,"Registrations"
"IND","FY2016","3W Passenger","Petrol/CNG",92490,"Registrations"
"IND","FY2016","3W Goods","EV",9,"Registrations"
"IND","FY2016","3W Goods","Diesel",75258,"Registrations"
"IND","FY2016","3W Goods","CNG",2972,"Registrations"
"IND","FY2016","Cars","EV",782,"Registrations"
"IND","FY2016","Cars","Diesel",1208750,"Registrations"
"IND","FY2016","Cars","Petrol",1270333,"Registrations"
"IND","FY2016","Bus","EV",4,"Registrations"
"IND","FY2016","Bus","Diesel",95320,"Registrations"
"IND","FY2016","LGV (up to 7/5 tonnes)","EV",14,"Registrations"
"IND","FY2016","LGV (up to 7/5 tonnes)","Diesel",322987,"Registrations"
"IND","FY2016","MGV (7.5-12 tonnes)","EV",0,"Registrations"
"IND","FY2016","MGV (7.5-12 tonnes)","Diesel",24493,"Registrations"
"IND","FY2016","HGV (>12 tonnes)","EV",5,"Registrations"
"IND","FY2016","HGV (>12 tonnes)","Diesel",220015,"Registrations"
"IND","FY2016","Others","EV",162,"Registrations"
"IND","FY2016","2W","Other",27612,"Registrations"
"IND","FY2016","3W Passenger","Other",80615,"Registrations"
"IND","FY2016","3W Goods","Other",890,"Registrations"
"IND","FY2016","Cars","Other",218548,"Registrations"
"IND","FY2016","Bus","Other",18124,"Registrations"
"IND","FY2016","LGV (up to 7/5 tonnes)","Other",15606,"Registrations"
"IND","FY2016","MGV (7.5-12 tonnes)","Other",239,"Registrations"
"IND","FY2016","HGV (>12 tonnes)","Other",1729,"Registrations"
"IND","FY2016","Others","Other",668320,"Registrations"
"IND","FY2017","2W","EV",1394,"Registrations"
"IND","FY2017","2W","Petrol",16733216,"Registrations"
"IND","FY2017","3W Passenger","EV",1176,"Registrations"
"IND","FY2017","3W Passenger","Diesel",206240,"Registrations"
"IND","FY2017","3W Passenger","Petrol/CNG",97412,"Registrations"
"IND","FY2017","3W Goods","EV",33,"Registrations"
"IND","FY2017","3W Goods","Diesel",80598,"Registrations"
"IND","FY2017","3W Goods","CNG",1155,"Registrations"
"IND","FY2017","Cars","EV",769,"Registrations"
"IND","FY2017","Cars","Diesel",1170548,"Registrations"
"IND","FY2017","Cars","Petrol",1447845,"Registrations"
"IND","FY2017","Bus","EV",4,"Registrations"
"IND","FY2017","Bus","Diesel",102217,"Registrations"
"IND","FY2017","LGV (up to 7/5 tonnes)","EV",108,"Registrations"
"IND","FY2017","LGV (up to 7/5 tonnes)","Diesel",335900,"Registrations"
"IND","FY2017","MGV (7.5-12 tonnes)","EV",0,"Registrations"
"IND","FY2017","MGV (7.5-12 tonnes)","Diesel",28347,"Registrations"
"IND","FY2017","HGV (>12 tonnes)","EV",3,"Registrations"
"IND","FY2017","HGV (>12 tonnes)","Diesel",232306,"Registrations"
"IND","FY2017","Others","EV",481,"Registrations"
"IND","FY2017","2W","Other",25861,"Registrations"
"IND","FY2017","3W Passenger","Other",88159,"Registrations"
"IND","FY2017","3W Goods","Other",5408,"Registrations"
"IND","FY2017","Cars","Other",285561,"Registrations"
"IND","FY2017","Bus","Other",18950,"Registrations"
"IND","FY2017","LGV (up to 7/5 tonnes)","Other",15946,"Registrations"
"IND","FY2017","MGV (7.5-12 tonnes)","Other",949,"Registrations"
"IND","FY2017","HGV (>12 tonnes)","Other",1411,"Registrations"
"IND","FY2017","Others","Other",723401,"Registrations"
"IND","FY2018","2W","EV",2008,"Registrations"
"IND","FY2018","2W","Petrol",18531131,"Registrations"
"IND","FY2018","3W Passenger","EV",560,"Registrations"
"IND","FY2018","3W Passenger","Diesel",189358,"Registrations"
"IND","FY2018","3W Passenger","Petrol/CNG",169484,"Registrations"
"IND","FY2018","3W Goods","EV",137,"Registrations"
"IND","FY2018","3W Goods","Diesel",93110,"Registrations"
"IND","FY2018","3W Goods","CNG",289,"Registrations"
"IND","FY2018","Cars","EV",1213,"Registrations"
"IND","FY2018","Cars","Diesel",1197222,"Registrations"
"IND","FY2018","Cars","Petrol",1657014,"Registrations"
"IND","FY2018","Bus","EV",41,"Registrations"
"IND","FY2018","Bus","Diesel",87460,"Registrations"
"IND","FY2018","LGV (up to 7/5 tonnes)","EV",661,"Registrations"
"IND","FY2018","LGV (up to 7/5 tonnes)","Diesel",403787,"Registrations"
"IND","FY2018","MGV (7.5-12 tonnes)","EV",1,"Registrations"
"IND","FY2018","MGV (7.5-12 tonnes)","Diesel",25008,"Registrations"
"IND","FY2018","HGV (>12 tonnes)","EV",0,"Registrations"
"IND","FY2018","HGV (>12 tonnes)","Diesel",243395,"Registrations"
"IND","FY2018","Others","EV",556,"Registrations"
"IND","FY2018","2W","Other",9192,"Registrations"
"IND","FY2018","3W Passenger","Other",98957,"Registrations"
"IND","FY2018","3W Goods","Other",3723,"Registrations"
"IND","FY2018","Cars","Other",297929,"Registrations"
"IND","FY2018","Bus","Other",18344,"Registrations"
"IND","FY2018","LGV (up to 7/5 tonnes)","Other",17631,"Registrations"
"IND","FY2018","MGV (7.5-12 tonnes)","Other",2279,"Registrations"
"IND","FY2018","HGV (>12 tonnes)","Other",993,"Registrations"
"IND","FY2018","Others","Other",826079,"Registrations"
"IND","FY2019","2W","EV",28494,"Registrations"
"IND","FY2019","2W","Petrol",19470481,"Registrations"
"IND","FY2019","3W Passenger","EV",558,"Registrations"
"IND","FY2019","3W Passenger","Diesel",212313,"Registrations"
"IND","FY2019","3W Passenger","Petrol/CNG",190779,"Registrations"
"IND","FY2019","3W Goods","EV",303,"Registrations"
"IND","FY2019","3W Goods","Diesel",108970,"Registrations"
"IND","FY2019","3W Goods","CNG",36,"Registrations"
"IND","FY2019","Cars","EV",1841,"Registrations"
"IND","FY2019","Cars","Diesel",1112986,"Registrations"
"IND","FY2019","Cars","Petrol",1681582,"Registrations"
"IND","FY2019","Bus","EV",146,"Registrations"
"IND","FY2019","Bus","Diesel",90947,"Registrations"
"IND","FY2019","LGV (up to 7/5 tonnes)","EV",478,"Registrations"
"IND","FY2019","LGV (up to 7/5 tonnes)","Diesel",494658,"Registrations"
"IND","FY2019","MGV (7.5-12 tonnes)","EV",1,"Registrations"
"IND","FY2019","MGV (7.5-12 tonnes)","Diesel",33528,"Registrations"
"IND","FY2019","HGV (>12 tonnes)","EV",0,"Registrations"
"IND","FY2019","HGV (>12 tonnes)","Diesel",292440,"Registrations"
"IND","FY2019","Others","EV",289,"Registrations"
"IND","FY2019","2W","Other",2144,"Registrations"
"IND","FY2019","3W Passenger","Other",130487,"Registrations"
"IND","FY2019","3W Goods","Other",6328,"Registrations"
"IND","FY2019","Cars","Other",366955,"Registrations"
"IND","FY2019","Bus","Other",15896,"Registrations"
"IND","FY2019","LGV (up to 7/5 tonnes)","Other",24911,"Registrations"
"IND","FY2019","MGV (7.5-12 tonnes)","Other",4163,"Registrations"
"IND","FY2019","HGV (>12 tonnes)","Other",667,"Registrations"
"IND","FY2019","Others","Other",942868,"Registrations"
"IND","FY2020","2W","EV",28147,"Registrations"
"IND","FY2020","2W","Petrol",19033151,"Registrations"
"IND","FY2020","3W Passenger","EV",1491,"Registrations"
"IND","FY2020","3W Passenger","Diesel",252799,"Registrations"
"IND","FY2020","3W Passenger","Petrol/CNG",172802,"Registrations"
"IND","FY2020","3W Goods","EV",342,"Registrations"
"IND","FY2020","3W Goods","Diesel",119735,"Registrations"
"IND","FY2020","3W Goods","CNG",46,"Registrations"
"IND","FY2020","Cars","EV",3215,"Registrations"
"IND","FY2020","Cars","Diesel",943765,"Registrations"
"IND","FY2020","Cars","Petrol",1662092,"Registrations"
"IND","FY2020","Bus","EV",492,"Registrations"
"IND","FY2020","Bus","Diesel",100426,"Registrations"
"IND","FY2020","LGV (up to 7/5 tonnes)","EV",43,"Registrations"
"IND","FY2020","LGV (up to 7/5 tonnes)","Diesel",509290,"Registrations"
"IND","FY2020","MGV (7.5-12 tonnes)","EV",0,"Registrations"
"IND","FY2020","MGV (7.5-12 tonnes)","Diesel",31885,"Registrations"
"IND","FY2020","HGV (>12 tonnes)","EV",0,"Registrations"
"IND","FY2020","HGV (>12 tonnes)","Diesel",210498,"Registrations"
"IND","FY2020","Others","EV",29,"Registrations"
"IND","FY2020","2W","Other",1539633,"Registrations"
"IND","FY2020","3W Passenger","Other",193890,"Registrations"
"IND","FY2020","3W Goods","Other",8211,"Registrations"
"IND","FY2020","Cars","Other",346761,"Registrations"
"IND","FY2020","Bus","Other",9089,"Registrations"
"IND","FY2020","LGV (up to 7/5 tonnes)","Other",65464,"Registrations"
"IND","FY2020","MGV (7.5-12 tonnes)","Other",7784,"Registrations"
"IND","FY2020","HGV (>12 tonnes)","Other",5332,"Registrations"
"IND","FY2020","Others","Other",874216,"Registrations"
"IND","FY2021","2W","EV",49486,"Registrations"
"IND","FY2021","2W","Petrol",13220064,"Registrations"
"IND","FY2021","3W Passenger","EV",1667,"Registrations"
"IND","FY2021","3W Passenger","Diesel",58844,"Registrations"
"IND","FY2021","3W Passenger","Petrol/CNG",13496,"Registrations"
"IND","FY2021","3W Goods","EV",843,"Registrations"
"IND","FY2021","3W Goods","Diesel",59951,"Registrations"
"IND","FY2021","3W Goods","CNG",5097,"Registrations"
"IND","FY2021","Cars","EV",5901,"Registrations"
"IND","FY2021","Cars","Diesel",430733,"Registrations"
"IND","FY2021","Cars","Petrol",1809794,"Registrations"
"IND","FY2021","Bus","EV",380,"Registrations"
"IND","FY2021","Bus","Diesel",14353,"Registrations"
"IND","FY2021","LGV (up to 7/5 tonnes)","EV",31,"Registrations"
"IND","FY2021","LGV (up to 7/5 tonnes)","Diesel",265485,"Registrations"
"IND","FY2021","MGV (7.5-12 tonnes)","EV",0,"Registrations"
"IND","FY2021","MGV (7.5-12 tonnes)","Diesel",20357,"Registrations"
"IND","FY2021","HGV (>12 tonnes)","EV",0,"Registrations"
"IND","FY2021","HGV (>12 tonnes)","Diesel",82316,"Registrations"
"IND","FY2021","Others","EV",35,"Registrations"
"IND","FY2021","2W","Other",1009878,"Registrations"
"IND","FY2021","3W Passenger","Other",69044,"Registrations"
"IND","FY2021","3W Goods","Other",1034,"Registrations"
"IND","FY2021","Cars","Other",323589,"Registrations"
"IND","FY2021","Bus","Other",1295,"Registrations"
"IND","FY2021","LGV (up to 7/5 tonnes)","Other",80859,"Registrations"
"IND","FY2021","MGV (7.5-12 tonnes)","Other",1567,"Registrations"
"IND","FY2021","HGV (>12 tonnes)","Other",4891,"Registrations"
"IND","FY2021","Others","Other",963005,"Registrations"
"IND","FY2022","2W","EV",279893,"Registrations"
"IND","FY2022","2W","Petrol",13272505,"Registrations"
"IND","FY2022","3W Passenger","EV",5207,"Registrations"
"IND","FY2022","3W Passenger","Diesel",34482,"Registrations"
"IND","FY2022","3W Passenger","Petrol/CNG",15706,"Registrations"
"IND","FY2022","3W Goods","EV",6603,"Registrations"
"IND","FY2022","3W Goods","Diesel",52226,"Registrations"
"IND","FY2022","3W Goods","CNG",18416,"Registrations"
"IND","FY2022","Cars","EV",21194,"Registrations"
"IND","FY2022","Cars","Diesel",546141,"Registrations"
"IND","FY2022","Cars","Petrol",1956719,"Registrations"
"IND","FY2022","Bus","EV",1194,"Registrations"
"IND","FY2022","Bus","Diesel",17808,"Registrations"
"IND","FY2022","LGV (up to 7/5 tonnes)","EV",1021,"Registrations"
"IND","FY2022","LGV (up to 7/5 tonnes)","Diesel",287321,"Registrations"
"IND","FY2022","MGV (7.5-12 tonnes)","EV",0,"Registrations"
"IND","FY2022","MGV (7.5-12 tonnes)","Diesel",21324,"Registrations"
"IND","FY2022","HGV (>12 tonnes)","EV",0,"Registrations"
"IND","FY2022","HGV (>12 tonnes)","Diesel",155788,"Registrations"
"IND","FY2022","Others","EV",99,"Registrations"
"IND","FY2022","2W","Other",1092895,"Registrations"
"IND","FY2022","3W Passenger","Other",133367,"Registrations"
"IND","FY2022","3W Goods","Other",2705,"Registrations"
"IND","FY2022","Cars","Other",403088,"Registrations"
"IND","FY2022","Bus","Other",1891,"Registrations"
"IND","FY2022","LGV (up to 7/5 tonnes)","Other",152174,"Registrations"
"IND","FY2022","MGV (7.5-12 tonnes)","Other",15875,"Registrations"
"IND","FY2022","HGV (>12 tonnes)","Other",15670,"Registrations"
"IND","FY2022","Others","Other",947567,"Registrations"
"IND","FY2023","2W","EV",783373,"Registrations"
"IND","FY2023","2W","Petrol",15301431,"Registrations"
"IND","FY2023","3W Passenger","EV",15374,"Registrations"
"IND","FY2023","3W Passenger","Diesel",51450,"Registrations"
"IND","FY2023","3W Passenger","Petrol/CNG",17298,"Registrations"
"IND","FY2023","3W Goods","EV",16067,"Registrations"
"IND","FY2023","3W Goods","Diesel",55472,"Registrations"
"IND","FY2023","3W Goods","CNG",22748,"Registrations"
"IND","FY2023","Cars","EV",54471,"Registrations"
"IND","FY2023","Cars","Diesel",686796,"Registrations"
"IND","FY2023","Cars","Petrol",2192892,"Registrations"
"IND","FY2023","Bus","EV",2008,"Registrations"
"IND","FY2023","Bus","Diesel",48010,"Registrations"
"IND","FY2023","LGV (up to 7/5 tonnes)","EV",453,"Registrations"
"IND","FY2023","LGV (up to 7/5 tonnes)","Diesel",395725,"Registrations"
"IND","FY2023","MGV (7.5-12 tonnes)","EV",0,"Registrations"
"IND","FY2023","MGV (7.5-12 tonnes)","Diesel",27980,"Registrations"
"IND","FY2023","HGV (>12 tonnes)","EV",183,"Registrations"
"IND","FY2023","HGV (>12 tonnes)","Diesel",236679,"Registrations"
"IND","FY2023","Others","EV",100,"Registrations"
"IND","FY2023","2W","Other",5679162,"Registrations"
"IND","FY2023","3W Passenger","Other",234190,"Registrations"
"IND","FY2023","3W Goods","Other",2856,"Registrations"
"IND","FY2023","Cars","Other",681342,"Registrations"
"IND","FY2023","Bus","Other",6153,"Registrations"
"IND","FY2023","LGV (up to 7/5 tonnes)","Other",163620,"Registrations"
"IND","FY2023","MGV (7.5-12 tonnes)","Other",9557,"Registrations"
"IND","FY2023","HGV (>12 tonnes)","Other",13697,"Registrations"
"IND","FY2023","Others","Other",1039172,"Registrations"
"IND","FY2024","2W","EV",1012841,"Registrations"
"IND","FY2024","2W","Petrol",16578332,"Registrations"
"IND","FY2024","3W Passenger","EV",69923,"Registrations"
"IND","FY2024","3W Passenger","Diesel",72759,"Registrations"
"IND","FY2024","3W Passenger","Petrol/CNG",2047,"Registrations"
"IND","FY2024","3W Goods","EV",31758,"Registrations"
"IND","FY2024","3W Goods","Diesel",60776,"Registrations"
"IND","FY2024","3W Goods","CNG",28881,"Registrations"
"IND","FY2024","Cars","EV",99719,"Registrations"
"IND","FY2024","Cars","Diesel",700828,"Registrations"
"IND","FY2024","Cars","Petrol",2204186,"Registrations"
"IND","FY2024","Bus","EV",3733,"Registrations"
"IND","FY2024","Bus","Diesel",78361,"Registrations"
"IND","FY2024","LGV (up to 7/5 tonnes)","EV",4626,"Registrations"
"IND","FY2024","LGV (up to 7/5 tonnes)","Diesel",383532,"Registrations"
"IND","FY2024","MGV (7.5-12 tonnes)","EV",0,"Registrations"
"IND","FY2024","MGV (7.5-12 tonnes)","Diesel",32566,"Registrations"
"IND","FY2024","HGV (>12 tonnes)","EV",276,"Registrations"
"IND","FY2024","HGV (>12 tonnes)","Diesel",248201,"Registrations"
"IND","FY2024","Others","EV",246,"Registrations"
"IND","FY2024","2W","Other",-40260,"Registrations"
"IND","FY2024","3W Passenger","Other",368898,"Registrations"
"IND","FY2024","3W Goods","Other",745,"Registrations"
"IND","FY2024","Cars","Other",915427,"Registrations"
"IND","FY2024","Bus","Other",9165,"Registrations"
"IND","FY2024","LGV (up to 7/5 tonnes)","Other",148089,"Registrations"
"IND","FY2024","MGV (7.5-12 tonnes)","Other",9446,"Registrations"
"IND","FY2024","HGV (>12 tonnes)","Other",10219,"Registrations"
"IND","FY2024","Others","Other",1133618,"Registrations"
"IND","FY2025","2W","EV",1209658,"Registrations"
"IND","FY2025","2W","Petrol",17675236,"Registrations"
"IND","FY2025","3W Passenger","EV",135266,"Registrations"
"IND","FY2025","3W Passenger","Diesel",74204,"Registrations"
"IND","FY2025","3W Passenger","Petrol/CNG",154,"Registrations"
"IND","FY2025","3W Goods","EV",28044,"Registrations"
"IND","FY2025","3W Goods","Diesel",64354,"Registrations"
"IND","FY2025","3W Goods","CNG",31216,"Registrations"
"IND","FY2025","Cars","EV",115315,"Registrations"
"IND","FY2025","Cars","Diesel",745155,"Registrations"
"IND","FY2025","Cars","Petrol",2106040,"Registrations"
"IND","FY2025","Bus","EV",3393,"Registrations"
"IND","FY2025","Bus","Diesel",93005,"Registrations"
"IND","FY2025","LGV (up to 7/5 tonnes)","EV",5617,"Registrations"
"IND","FY2025","LGV (up to 7/5 tonnes)","Diesel",443672,"Registrations"
"IND","FY2025","MGV (7.5-12 tonnes)","EV",0,"Registrations"
"IND","FY2025","MGV (7.5-12 tonnes)","Diesel",33892,"Registrations"
"IND","FY2025","HGV (>12 tonnes)","EV",127,"Registrations"
"IND","FY2025","HGV (>12 tonnes)","Diesel",226551,"Registrations"
"IND","FY2025","Others","EV",376,"Registrations"
"IND","FY2025","2W","Other",666933,"Registrations"
"IND","FY2025","3W Passenger","Other",384657,"Registrations"
"IND","FY2025","3W Goods","Other",6606,"Registrations"
"IND","FY2025","Cars","Other",1304059,"Registrations"
"IND","FY2025","Bus","Other",18144,"Registrations"
"IND","FY2025","LGV (up to 7/5 tonnes)","Other",78483.4199999999,"Registrations"
"IND","FY2025","MGV (7.5-12 tonnes)","Other",5668,"Registrations"
"IND","FY2025","HGV (>12 tonnes)","Other",9313,"Registrations"
"IND","FY2025","Others","Other",1117858,"Registrations"
