state_name,operational_public_chargers,data_vintage_note
Andaman & Nicobar Islands,3,"undated, ~2024 vintage (secondary/echoed source, see cleaning log)"
Andhra Pradesh,327,"undated, ~2024 vintage (secondary/echoed source, see cleaning log)"
Arunachal Pradesh,9,"undated, ~2024 vintage (secondary/echoed source, see cleaning log)"
Assam,86,"undated, ~2024 vintage (secondary/echoed source, see cleaning log)"
Bihar,124,"undated, ~2024 vintage (secondary/echoed source, see cleaning log)"
Chandigarh,12,"undated, ~2024 vintage (secondary/echoed source, see cleaning log)"
Chhattisgarh,149,"undated, ~2024 vintage (secondary/echoed source, see cleaning log)"
Dadra and Nagar Haveli and Daman and Diu,1,"undated, ~2024 vintage (secondary/echoed source, see cleaning log)"
Delhi,1886,"undated, ~2024 vintage (secondary/echoed source, see cleaning log)"
Goa,113,"undated, ~2024 vintage (secondary/echoed source, see cleaning log)"
Gujarat,476,"undated, ~2024 vintage (secondary/echoed source, see cleaning log)"
Haryana,377,"undated, ~2024 vintage (secondary/echoed source, see cleaning log)"
Himachal Pradesh,44,"undated, ~2024 vintage (secondary/echoed source, see cleaning log)"
Jammu and Kashmir,47,"undated, ~2024 vintage (secondary/echoed source, see cleaning log)"
Jharkhand,135,"undated, ~2024 vintage (secondary/echoed source, see cleaning log)"
Karnataka,1041,"undated, ~2024 vintage (secondary/echoed source, see cleaning log)"
Kerala,852,"undated, ~2024 vintage (secondary/echoed source, see cleaning log)"
Lakshadweep,1,"undated, ~2024 vintage (secondary/echoed source, see cleaning log)"
Madhya Pradesh,341,"undated, ~2024 vintage (secondary/echoed source, see cleaning log)"
Maharashtra,3079,"undated, ~2024 vintage (secondary/echoed source, see cleaning log)"
Manipur,17,"undated, ~2024 vintage (secondary/echoed source, see cleaning log)"
Meghalaya,21,"undated, ~2024 vintage (secondary/echoed source, see cleaning log)"
Nagaland,6,"undated, ~2024 vintage (secondary/echoed source, see cleaning log)"
Odisha,198,"undated, ~2024 vintage (secondary/echoed source, see cleaning log)"
Puducherry,23,"undated, ~2024 vintage (secondary/echoed source, see cleaning log)"
Punjab,158,"undated, ~2024 vintage (secondary/echoed source, see cleaning log)"
Rajasthan,500,"undated, ~2024 vintage (secondary/echoed source, see cleaning log)"
Sikkim,2,"undated, ~2024 vintage (secondary/echoed source, see cleaning log)"
Tamil Nadu,643,"undated, ~2024 vintage (secondary/echoed source, see cleaning log)"
Telangana,481,"undated, ~2024 vintage (secondary/echoed source, see cleaning log)"
Tripura,18,"undated, ~2024 vintage (secondary/echoed source, see cleaning log)"
Uttar Pradesh,582,"undated, ~2024 vintage (secondary/echoed source, see cleaning log)"
Uttarakhand,76,"undated, ~2024 vintage (secondary/echoed source, see cleaning log)"
West Bengal,318,"undated, ~2024 vintage (secondary/echoed source, see cleaning log)"
