source,window,group,ev_registrations,share_pct
fy_file,FY2025 (single financial year),2W,1209658,80.763
fy_file,FY2025 (single financial year),3W,163310,10.903
fy_file,FY2025 (single financial year),Cars/LMV,115315,7.699
fy_file,FY2025 (single financial year),Commercial,9137,0.610
fy_file,FY2025 (single financial year),Other,376,0.025
category_fuel,2019 to 2026 cumulative (end month not stated),2W,5843570,58.019
category_fuel,2019 to 2026 cumulative (end month not stated),3W,3463176,34.385
category_fuel,2019 to 2026 cumulative (end month not stated),Cars/LMV,694789,6.898
category_fuel,2019 to 2026 cumulative (end month not stated),Commercial,63898,0.634
category_fuel,2019 to 2026 cumulative (end month not stated),Other,6326,0.063
