state_name,office_name,office_code,chargeable_ev_registrations_total,chargeable_ev_registrations_last12m
Andaman & Nicobar Islands,Port Blair Dto,AN1,208,52
Andhra Pradesh,Adoni Rto,AP221,549,182
Andhra Pradesh,Amalapuram Rta,AP205,992,384
Andhra Pradesh,Anakapalli Rta,AP131,2514,947
Andhra Pradesh,Anantapur Rta,AP2,2405,986
Andhra Pradesh,Atmakur Mvi Office,AP126,5,0
Andhra Pradesh,Bapatla Mvi Office,AP207,674,245
Andhra Pradesh,Bhimavaram Rta,AP137,2627,995
Andhra Pradesh,Chilakaluripeta Mvi Office,AP307,102,32
Andhra Pradesh,Chintoor,AP905,13,0
Andhra Pradesh,Chirala Uo,AP127,917,247
Andhra Pradesh,Chittoor Rta,AP3,2544,1019
Andhra Pradesh,Cuddapah Rta,AP4,1904,743
Andhra Pradesh,Darsi Uo,AP427,391,101
Andhra Pradesh,Gajuwaka Rta,AP231,2503,1143
Andhra Pradesh,Gudiwada Rta,AP116,1246,525
Andhra Pradesh,Gudur Rta,AP226,554,129
Andhra Pradesh,Guntakal Uo,AP202,374,107
Andhra Pradesh,Guntur Rta,AP7,5100,1887
Andhra Pradesh,Hindupur Rta,AP102,603,370
Andhra Pradesh,Itchapuram Mvi Office,AP130,13,0
Andhra Pradesh,Jaggayyapet Uo,AP616,194,69
Andhra Pradesh,Jangareddy Gudem Uo,AP237,7,0
Andhra Pradesh,Jangareddygudem Rta,AP237,929,490
Andhra Pradesh,Kandukur Mvi Office,AP227,6,0
Andhra Pradesh,Kavali Uo,AP326,448,195
Andhra Pradesh,Kovvuru Uo,AP337,630,263
Andhra Pradesh,Kurnool Rta,AP21,2321,805
Andhra Pradesh,Macherla Mvi Office,AP407,102,16
Andhra Pradesh,Madanapalle Uo,AP203,779,357
Andhra Pradesh,Mandapeta Uo,AP405,805,294
Andhra Pradesh,Markapur Uo,AP327,482,169
Andhra Pradesh,Nandigama Rta,AP316,419,122
Andhra Pradesh,Nandyal Rta,AP121,1021,388
Andhra Pradesh,Narasaraopet Rta,AP107,624,423
Andhra Pradesh,Narsipatnam Mvi Office,AP331,305,301
Andhra Pradesh,Nellore Rta,AP26,4025,1366
Andhra Pradesh,Nuzvid Uo,AP416,406,144
Andhra Pradesh,Paderu Rta,AP41,85,36
Andhra Pradesh,Palakole Uo,AP637,1344,497
Andhra Pradesh,Palakonda Mvi Office,AP230,11,1
Andhra Pradesh,Palamaner Mvi Office,AP303,29,0
Andhra Pradesh,Parvathipuram Rto Office,AP135,321,191
Andhra Pradesh,Piduguralla Uo,AP607,453,119
Andhra Pradesh,Prakasam Rta,AP27,1900,630
Andhra Pradesh,Proddutur Rta,AP204,1102,275
Andhra Pradesh,Pulivendula Mvi Office,AP304,3,0
Andhra Pradesh,Punganur Uo,AP113,257,124
Andhra Pradesh,Rajahmundry Rta,AP105,3378,1593
Andhra Pradesh,Ramachandrapuram Uo,AP605,339,133
Andhra Pradesh,Ravulapalem Uo,AP705,1218,417
Andhra Pradesh,Rayachoti Mvi Office,AP504,613,281
Andhra Pradesh,Regional Transport Office Rampachodavaram,AP141,23,23
Andhra Pradesh,Rta Eluru,AP37,2023,858
Andhra Pradesh,Rta Kakinada,AP5,4930,1968
Andhra Pradesh,Rta Machilipatnam,AP216,1131,525
Andhra Pradesh,Salur Mvi Office,AP235,11,4
Andhra Pradesh,Srikakulam Rta,AP30,2873,900
Andhra Pradesh,Sullurpet Uo,AP426,570,183
Andhra Pradesh,Tadepalli Gudem Uo,AP437,918,243
Andhra Pradesh,Tadipatri Uo,AP402,299,105
Andhra Pradesh,Tanuku Uo,AP537,1017,322
Andhra Pradesh,Tenali Uo,AP707,723,287
Andhra Pradesh,Tirupati Rta,AP103,6606,2317
Andhra Pradesh,Unit Office Kathipudi,AP305,516,213
Andhra Pradesh,Unit Office Rayadurg,AP502,160,34
Andhra Pradesh,Vijayawada Rta,AP16,9005,3244
Andhra Pradesh,Vishakapatnam Rta,AP31,11937,4520
Andhra Pradesh,Vizianagaram Rta,AP35,3370,1550
Andhra Pradesh,Vuyyuru Uo,AP516,1184,599
Arunachal Pradesh,Itanagar Capital Region,AR1,37,29
Arunachal Pradesh,Leparada,AR25,1,0
Arunachal Pradesh,Lohit,AR11,2,1
Arunachal Pradesh,Lower Dibang Valley,AR16,1,1
Arunachal Pradesh,Lower Siang,AR22,1,1
Arunachal Pradesh,Namsai,AR20,1,1
Arunachal Pradesh,Yupia,AR2,1,1
Assam,Barpeta,AS15,12573,4578
Assam,Baska,AS28,5223,2102
Assam,Biswanath Chariali,AS32,4150,1627
Assam,Bongaigaon,AS19,4674,1463
Assam,Cachar,AS11,7720,3792
Assam,Charaideo,AS33,860,492
Assam,Chirang,AS26,4830,2088
Assam,Darrang,AS13,3952,1758
Assam,Dhemaji,AS22,73,0
Assam,Dhubri,AS17,4743,1810
Assam,Dibrugarh,AS6,2531,1525
Assam,Dima Hasao,AS8,1,1
Assam,Goalpara,AS18,9283,3018
Assam,Golaghat,AS5,3303,1677
Assam,Hailakandi,AS24,2997,1142
Assam,Hojai,AS31,3975,1616
Assam,Jorhat,AS3,355,263
Assam,Kamrup,AS1,11831,6610
Assam,Kamrup(Rural),AS25,19169,4332
Assam,Karbi Anglong,AS9,494,323
Assam,Karimganj,AS10,3131,978
Assam,Kokrajhar,AS16,9043,3559
Assam,Lakhimpur,AS7,5031,2516
Assam,Majuli,AS29,300,262
Assam,Morigaon,AS21,4995,1838
Assam,Nagaon,AS2,9769,3996
Assam,Nalbari,AS14,5564,1963
Assam,Sivasagar,AS4,3670,1387
Assam,Sonitpur,AS12,6225,2753
Assam,South Salmara,AS34,1660,740
Assam,Tinsukia,AS23,3012,1294
Assam,Udalguri,AS27,4581,1886
Bihar,Araria,BR38,4135,2213
Bihar,Arawal,BR56,126,96
Bihar,Aurangabad,BR26,2781,1419
Bihar,Banka,BR51,2822,1349
Bihar,Begusarai,BR9,6892,3315
Bihar,Bettiah,BR22,4593,2428
Bihar,Bhabhua,BR45,2948,897
Bihar,Bhagalpur,BR10,15188,5074
Bihar,Bhojpur,BR3,2572,1061
Bihar,Buxur,BR44,3452,1435
Bihar,Chapara,BR4,7215,3106
Bihar,Darbhanga,BR7,5053,2343
Bihar,Gaya,BR2,13218,5769
Bihar,Gopalganj,BR28,5262,2343
Bihar,Jamui,BR46,3807,1387
Bihar,Jehanabad,BR25,746,320
Bihar,Katihar,BR39,5089,2845
Bihar,Khagaria,BR34,2020,1098
Bihar,Kishanganj,BR37,2751,1745
Bihar,Lakhisarai,BR53,2574,1026
Bihar,Madhepura,BR43,3217,1512
Bihar,Madhubani,BR32,3360,1628
Bihar,Motihari,BR5,9542,4827
Bihar,Munger,BR8,3575,1093
Bihar,Muzaffarpur,BR6,10885,5436
Bihar,Nalanda,BR21,9864,3618
Bihar,Nawada,BR27,6759,3239
Bihar,Patna,BR1,36658,13083
Bihar,Purnea,BR11,9467,4194
Bihar,Rohtas,BR24,4457,2234
Bihar,Saharsa,BR19,3678,1558
Bihar,Samastipur,BR33,12235,5153
Bihar,Sheikhpura,BR52,1873,638
Bihar,Sheohar,BR55,507,194
Bihar,Sitamarhi,BR30,4741,2250
Bihar,Siwan,BR29,5464,2363
Bihar,Supaul,BR50,4492,2197
Bihar,Vaishali,BR31,9869,4125
Chandigarh,Chandigarh Ut (Rla And Sta),CH1,13213,6469
Chhattisgarh,Ambikapur Rto,CG15,6107,2814
Chhattisgarh,Baikunthpur Dto,CG16,311,155
Chhattisgarh,Balod Dto,CG24,783,419
Chhattisgarh,Baloda Bazar Dto,CG22,2812,874
Chhattisgarh,Balrampur Dto,CG30,216,84
Chhattisgarh,Bemetara Dto,CG25,709,401
Chhattisgarh,Bijapur Dto,CG20,22,14
Chhattisgarh,Bilaspur Rto,CG10,10286,5946
Chhattisgarh,Dantewada Dto,CG18,183,66
Chhattisgarh,Dhamtari Dto,CG5,1406,789
Chhattisgarh,Durg Rto,CG7,11644,6231
Chhattisgarh,Gariyaband Dto,CG23,152,51
Chhattisgarh,Gaurela-Pendra-Marwahi Dto,CG31,179,77
Chhattisgarh,Jagdalpur Rto,CG17,799,565
Chhattisgarh,Janjgir Champa Dto,CG11,1887,713
Chhattisgarh,Jashpur Dto,CG14,514,156
Chhattisgarh,Kanker Dto,CG19,211,127
Chhattisgarh,Kawardha Dto,CG9,557,324
Chhattisgarh,Kondagaon Dto,CG27,68,32
Chhattisgarh,Korba Dto,CG12,3169,1428
Chhattisgarh,Mahasamund Dto,CG6,778,285
Chhattisgarh,Mungeli Dto,CG28,476,148
Chhattisgarh,Narayanpur Dto,CG21,45,11
Chhattisgarh,Raigarh Dto,CG13,3245,1598
Chhattisgarh,Raipur Rto,CG4,35306,16290
Chhattisgarh,Rajnandgaon Arto,CG8,4451,2203
Chhattisgarh,Sukma Dto,CG26,10,3
Chhattisgarh,Surajpur Dto,CG29,971,266
Dadra and Nagar Haveli and Daman and Diu,Daman,DD3,179,87
Dadra and Nagar Haveli and Daman and Diu,Diu,DD2,60,27
Dadra and Nagar Haveli and Daman and Diu,Silvassa,DD1,285,137
Delhi,Burari Auto Unit,DL53,1976,737
Delhi,Burari Taxi Unit,DL52,7668,2691
Delhi,Dwarka,DL9,21180,5669
Delhi,I P Estate,DL2,5143,41
Delhi,Janakpuri,DL4,28199,7891
Delhi,Loni Road,DL5,22902,7317
Delhi,Mall Road,DL1,2789,1105
Delhi,Mayur Vihar,DL7,8446,3198
Delhi,Rajouri Garden,DL10,24209,13141
Delhi,Rajpur Road-Viu Burari,DL51,19029,10174
Delhi,Rajpur Road/Viu Burari,DL51,3,0
Delhi,Rohini,DL11,23880,5819
Delhi,Sarai Kale Khan,DL6,6358,2155
Delhi,South Delhi,DL3,14752,4290
Delhi,Surajmal Vihar,DL13,11084,2981
Delhi,Vasant Vihar,DL12,4477,1446
Delhi,Wazirpur,DL8,29717,8542
Goa,Bicholim Rto,GA4,2771,1631
Goa,Canacona Rto,GA10,461,245
Goa,Dharbandora Rto,GA12,226,130
Goa,Mapusa Rto,GA3,5575,2624
Goa,Margao Rto,GA8,4444,2118
Goa,Panaji Rto,GA7,2715,1213
Goa,Pernem Rto,GA11,1316,712
Goa,Ponda Rto,GA5,2356,1265
Goa,Quepem Rto,GA9,1226,700
Goa,Vasco Rto,GA6,1099,550
Gujarat,Aahwa,GJ30,27,10
Gujarat,Ahmedabad,GJ1,28198,11979
Gujarat,"Ahmedabad (Rural), Bawla Arto",GJ38,2884,1291
Gujarat,Ahmedabad East,GJ27,13438,5800
Gujarat,Amreli,GJ14,673,265
Gujarat,Anand,GJ23,5504,2234
Gujarat,Banaskantha,GJ8,3260,1588
Gujarat,Bardoli,GJ19,2512,714
Gujarat,Bharuch,GJ16,3173,1356
Gujarat,Bhavnagar,GJ4,3885,1446
Gujarat,Botad,GJ33,371,117
Gujarat,Chhotaudaipur,GJ34,217,123
Gujarat,Dahod,GJ20,673,354
Gujarat,Gandhinagar,GJ18,4821,2106
Gujarat,Jamnagar,GJ10,6468,2573
Gujarat,Junagadh,GJ11,2140,800
Gujarat,Kachchh,GJ12,4625,1622
Gujarat,Kachchh East,GJ39,868,846
Gujarat,Khambhaliya,GJ37,1177,320
Gujarat,Kheda,GJ7,2316,990
Gujarat,Lunavada,GJ35,186,90
Gujarat,Mehsana,GJ2,4469,1814
Gujarat,Modasa,GJ31,363,247
Gujarat,Morbi,GJ36,1528,550
Gujarat,Narmada,GJ22,496,167
Gujarat,Navsari,GJ21,4834,1765
Gujarat,Panchmahal,GJ17,1385,614
Gujarat,Patan,GJ24,1953,753
Gujarat,Porbandar,GJ25,788,272
Gujarat,Rajkot,GJ3,14429,6307
Gujarat,Sabarkantha,GJ9,1491,750
Gujarat,Surat,GJ5,54993,18926
Gujarat,Surendranagar,GJ13,1800,591
Gujarat,Tapi,GJ26,554,207
Gujarat,Vadodara,GJ6,15818,6441
Gujarat,Valsad,GJ15,5085,2040
Gujarat,Veraval,GJ32,4516,1097
Haryana,Ambala City,HR1,434,169
Haryana,Assandh,HR40,251,63
Haryana,Bahadurgarh,HR13,624,183
Haryana,Ballabgarh,HR29,1097,412
Haryana,Barara,HR54,148,29
Haryana,Bawal,HR81,232,82
Haryana,Bhiwani,HR16,407,202
Haryana,Charkhi Dadri,HR19,328,97
Haryana,Dabwali,HR25,107,9
Haryana,Ellnabad,HR44,123,24
Haryana,Faridabad,HR51,1214,478
Haryana,Fatehabad,HR22,249,50
Haryana,Ferozepur Zirkha,HR28,48,11
Haryana,Ganaur,HR42,128,52
Haryana,Gohana,HR11,190,113
Haryana,Gulha,HR9,69,16
Haryana,Gurugram South,HR72,385,148
Haryana,Hansi,HR21,213,85
Haryana,Haryana Head Office Chd,HR70,141,73
Haryana,Hathin,HR52,115,53
Haryana,Hisar,HR20,837,299
Haryana,Hodel,HR50,250,81
Haryana,Jagadhari,HR2,1297,381
Haryana,Jhajhar,HR14,536,148
Haryana,Jind,HR31,268,84
Haryana,Kaithal,HR8,445,201
Haryana,Kalayat,HR83,106,30
Haryana,Kanina,HR82,87,26
Haryana,Karnal,HR5,1796,466
Haryana,Kosli,HR43,158,45
Haryana,Ladwa,HR97,232,44
Haryana,Loharu,HR18,56,22
Haryana,Mahendergarh,HR34,193,59
Haryana,Meham,HR15,121,45
Haryana,Naraingarh,HR4,161,44
Haryana,Narnaul,HR35,330,124
Haryana,Narwana,HR32,175,24
Haryana,Nuh,HR27,79,46
Haryana,Palwal,HR30,725,257
Haryana,Panchkula,HR3,464,193
Haryana,Panipat,HR6,2147,581
Haryana,Pataudi,HR76,603,123
Haryana,Pehowa,HR41,153,30
Haryana,Ratia,HR59,34,1
Haryana,Rewari,HR36,1489,389
Haryana,Rla Tauru,HR96,152,77
Haryana,Rohtak,HR12,1780,470
Haryana,Rta Ambala,HR37,2798,1025
Haryana,Rta Charki Dadri,HR84,467,213
Haryana,"Rta, Bhiwani",HR61,2956,744
Haryana,"Rta, Faridabad",HR38,2370,1103
Haryana,"Rta, Fatehabad",HR62,819,415
Haryana,"Rta, Gurgaon",HR55,11976,4344
Haryana,"Rta, Hisar",HR39,3343,1531
Haryana,"Rta, Jhajjar At Bahadurgarh",HR63,1999,788
Haryana,"Rta, Jind",HR56,2135,756
Haryana,"Rta, Kaithal",HR64,1189,505
Haryana,"Rta, Karnal",HR45,4553,1705
Haryana,"Rta, Kurukshetra",HR65,1325,614
Haryana,"Rta, Mohindergarh",HR66,242,166
Haryana,"Rta, Nuh",HR74,76,18
Haryana,"Rta, Palwal",HR73,411,289
Haryana,"Rta, Panchkula",HR68,576,274
Haryana,"Rta, Panipat",HR67,6349,2313
Haryana,"Rta, Rewari",HR47,1266,745
Haryana,"Rta, Rohtak",HR46,2875,1117
Haryana,"Rta, Sirsa",HR57,1905,949
Haryana,"Rta, Sonepat",HR69,3651,1774
Haryana,"Rta, Ynr",HR58,2244,992
Haryana,Safidon,HR33,149,22
Haryana,Samalkha,HR60,257,69
Haryana,Sdm Ambala Cantonment,HR85,575,255
Haryana,Sdm Badhra,HR88,42,16
Haryana,Sdm Badkhal,HR87,1408,577
Haryana,Sdm Badli,HR89,90,49
Haryana,Sdm Badshahpur,HR98,2155,1247
Haryana,Sdm Barwala,HR80,104,41
Haryana,Sdm Beri,HR77,197,46
Haryana,Sdm Bilaspur,HR71,338,49
Haryana,Sdm Gharaunda,HR91,339,98
Haryana,Sdm Gurugram,HR26,3062,1112
Haryana,Sdm Indiri,HR75,443,94
Haryana,Sdm Kalanwali,HR94,203,5
Haryana,Sdm Kharkhonda,HR79,124,43
Haryana,Sdm Narnaund,HR86,13,0
Haryana,Sdm Office Kalka,HR49,1,0
Haryana,Sdm Punhana,HR93,12,1
Haryana,Sdm Radaur,HR92,130,24
Haryana,Sdm Sampla,HR95,147,38
Haryana,Sdm Shahabad,HR78,240,27
Haryana,Sdm Uchana,HR90,205,41
Haryana,Sirsa,HR24,555,92
Haryana,Siwani,HR17,22,5
Haryana,Sonepat,HR10,644,224
Haryana,Thanesar,HR7,477,127
Haryana,Tohana,HR23,79,12
Haryana,Tosham,HR48,50,23
Himachal Pradesh,Rla Amb,HP19,58,25
Himachal Pradesh,Rla Ani,HP35,4,3
Himachal Pradesh,Rla Arki,HP11,3,2
Himachal Pradesh,Rla Baijnath,HP53,52,16
Himachal Pradesh,Rla Balh,HP82,74,30
Himachal Pradesh,Rla Balichowki,HP123,2,1
Himachal Pradesh,Rla Bangana,HP78,31,10
Himachal Pradesh,Rla Banjar,HP49,2,1
Himachal Pradesh,Rla Barsar,HP21,32,7
Himachal Pradesh,Rla Bhoranj,HP74,30,19
Himachal Pradesh,Rla Bilaspur,HP24,37,18
Himachal Pradesh,Rla Chamba,HP48,2,0
Himachal Pradesh,Rla Chopal,HP8,3,2
Himachal Pradesh,Rla Chuwari,HP57,9,1
Himachal Pradesh,Rla Dalhousie,HP47,2,0
Himachal Pradesh,Rla Dehra,HP36,55,21
Himachal Pradesh,Rla Dharampur,HP86,12,3
Himachal Pradesh,Rla Dharamshala,HP39,83,39
Himachal Pradesh,Rla Dheera,HP96,30,9
Himachal Pradesh,Rla Fathepur,HP88,33,21
Himachal Pradesh,Rla Gagret,HP101,85,19
Himachal Pradesh,Rla Ghumarvi,HP23,29,11
Himachal Pradesh,Rla Gohar,HP32,14,8
Himachal Pradesh,Rla Hamirpur,HP22,76,21
Himachal Pradesh,Rla Haroli,HP80,79,28
Himachal Pradesh,Rla Indora,HP97,35,11
Himachal Pradesh,Rla Jaisingpur,HP56,14,3
Himachal Pradesh,Rla Jawalaji,HP83,29,9
Himachal Pradesh,Rla Jawali,HP54,27,8
Himachal Pradesh,Rla Jhandutta,HP89,9,3
Himachal Pradesh,Rla Joginder Nagar,HP29,31,14
Himachal Pradesh,Rla Jubbal,HP75,3,2
Himachal Pradesh,Rla Kalpa,HP25,4,3
Himachal Pradesh,Rla Kandaghat,HP13,4,2
Himachal Pradesh,Rla Kangra,HP40,123,28
Himachal Pradesh,Rla Karsog,HP30,1,1
Himachal Pradesh,Rla Kasauli,HP98,6,1
Himachal Pradesh,Rla Kotkhai,HP99,1,0
Himachal Pradesh,Rla Kotli,HP102,5,3
Himachal Pradesh,Rla Kulu,HP34,26,10
Himachal Pradesh,Rla Kumarsain,HP95,1,1
Himachal Pradesh,Rla Manali,HP58,7,4
Himachal Pradesh,Rla Mandi,HP33,108,54
Himachal Pradesh,Rla Nadaun,HP55,80,13
Himachal Pradesh,Rla Nagrota Bagwan,HP94,96,30
Himachal Pradesh,Rla Nahan,HP18,11,2
Himachal Pradesh,Rla Nalagarh,HP12,266,78
Himachal Pradesh,Rla Nichar,HP26,1,1
Himachal Pradesh,Rla Nurpur,HP38,51,21
Himachal Pradesh,Rla Pachhad,HP100,3,2
Himachal Pradesh,Rla Paddhar,HP76,7,6
Himachal Pradesh,Rla Palampur,HP37,214,80
Himachal Pradesh,Rla Pangi,HP45,1,1
Himachal Pradesh,Rla Paonta Sahib,HP17,60,30
Himachal Pradesh,Rla Parwanoo,HP15,24,11
Himachal Pradesh,Rla Rajgarh,HP16,1,0
Himachal Pradesh,Rla Rampur Bushar,HP6,3,0
Himachal Pradesh,Rla Rohru,HP10,4,3
Himachal Pradesh,Rla Sarkaghat,HP28,24,9
Himachal Pradesh,Rla Shahpur,HP90,69,19
Himachal Pradesh,Rla Shillai,HP85,1,1
Himachal Pradesh,Rla Shimla Hp-03-Hp-07(Urban),HP3,20,8
Himachal Pradesh,Rla Shimla(Rural),HP51,10,5
Himachal Pradesh,Rla Shri Naina Devi Ji Swarghat,HP91,8,2
Himachal Pradesh,Rla Solan,HP14,13,7
Himachal Pradesh,Rla Sujanpur,HP84,11,2
Himachal Pradesh,Rla Sundarnagar,HP31,71,20
Himachal Pradesh,Rla Theog,HP9,6,4
Himachal Pradesh,Rla Una,HP20,313,109
Himachal Pradesh,Rto Baddi(Nalagarh),HP93,37,10
Himachal Pradesh,Rto Bilaspur,HP69,18,18
Himachal Pradesh,Rto Chamba,HP73,9,1
Himachal Pradesh,Rto Dharamshala,HP68,51,27
Himachal Pradesh,Rto Hamirpur,HP67,70,24
Himachal Pradesh,Rto Kullu,HP66,12,4
Himachal Pradesh,Rto Mandi,HP65,22,4
Himachal Pradesh,Rto Nahan,HP71,186,10
Himachal Pradesh,Rto Rampur,HP92,2,1
Himachal Pradesh,Rto Shimla,HP63,95,34
Himachal Pradesh,Rto Solan,HP64,36,27
Himachal Pradesh,Rto Una,HP72,2,0
Himachal Pradesh,Sta Shimla,HP62,1,0
Jammu and Kashmir,Anantnag Arto,JK3,111,67
Jammu and Kashmir,Bandipora Arto,JK15,29,13
Jammu and Kashmir,Baramulla Arto,JK5,224,120
Jammu and Kashmir,Budgam Arto,JK4,201,125
Jammu and Kashmir,Doda Arto,JK6,359,310
Jammu and Kashmir,Ganderbal Arto,JK16,188,152
Jammu and Kashmir,Jammu Rto,JK2,10581,5435
Jammu and Kashmir,Kathua Rto,JK8,1928,997
Jammu and Kashmir,Kishtwar Arto,JK17,115,103
Jammu and Kashmir,Kulgam Arto,JK18,26,12
Jammu and Kashmir,Kupwara Arto,JK9,30,17
Jammu and Kashmir,Poonch Arto,JK12,64,40
Jammu and Kashmir,Pulwama Arto,JK13,41,22
Jammu and Kashmir,Rajouri Arto,JK11,385,302
Jammu and Kashmir,Ramban Arto,JK19,89,85
Jammu and Kashmir,Reasi Arto,JK20,187,139
Jammu and Kashmir,Samba Arto,JK21,959,409
Jammu and Kashmir,Shopian Arto,JK22,10,4
Jammu and Kashmir,Srinagar Rto,JK1,4636,3036
Jammu and Kashmir,Udhampur Arto,JK14,519,368
Jharkhand,Bokaro,JH9,1799,746
Jharkhand,Chatra,JH13,102,36
Jharkhand,Deoghar,JH15,4602,2242
Jharkhand,Dhanbad,JH10,6654,3245
Jharkhand,Dto Office Dumka,JH4,1735,609
Jharkhand,East Singhbhum (Jamshedpur),JH5,4345,2230
Jharkhand,Garhwa,JH14,114,47
Jharkhand,Giridih,JH11,2733,950
Jharkhand,Godda,JH17,2613,1186
Jharkhand,Gumla,JH7,65,38
Jharkhand,Hazaribag,JH2,2986,1318
Jharkhand,Jamtara,JH21,672,271
Jharkhand,Khunti,JH23,280,145
Jharkhand,Koderma,JH12,1704,572
Jharkhand,Latehar,JH19,64,10
Jharkhand,Lohardaga,JH8,88,44
Jharkhand,Pakur,JH16,718,384
Jharkhand,Palamu,JH3,1474,828
Jharkhand,Ramgarh,JH24,839,191
Jharkhand,Ranchi,JH1,12855,5772
Jharkhand,Sahebganj,JH18,1053,466
Jharkhand,Saraikela-Kharsawan,JH22,1947,442
Jharkhand,Simdega,JH20,107,19
Jharkhand,West Singhbhum (Chaibasa),JH6,1314,624
Karnataka,Athani Arto,KA71,421,209
Karnataka,Bagalkot Rto,KA29,1294,599
Karnataka,Bailhongal Rto,KA24,277,144
Karnataka,Bantwala Arto,KA70,1653,553
Karnataka,Baswakalyan Rto,KA56,308,199
Karnataka,Bellary Rto,KA34,3120,1728
Karnataka,Bengaluru Central Rto,KA1,20823,9122
Karnataka,Bengaluru East Rto,KA3,27804,12019
Karnataka,Bengaluru North Rto,KA4,23485,10480
Karnataka,Bengaluru South Rto,KA5,52355,18858
Karnataka,Bengaluru West Rto,KA2,25135,11242
Karnataka,Bhalki Arto,KA39,302,170
Karnataka,Bidar Rto,KA38,814,491
Karnataka,Bijapur Rto,KA28,3369,2103
Karnataka,Chamarajanagar Rto,KA10,1251,540
Karnataka,"Chandapura, Bengaluru Rto",KA59,3686,2608
Karnataka,Chickaballapur Rto,KA40,1474,804
Karnataka,Chikamanglur Rto,KA18,2182,1050
Karnataka,Chikkodi Rto,KA23,1471,608
Karnataka,Chintamani Arto,KA67,532,250
Karnataka,Chitradurga Rto,KA16,3122,1238
Karnataka,Dandeli Arto,KA65,209,98
Karnataka,Davanagere Rto,KA17,4897,2661
Karnataka,Devanahalli Arto,KA43,1655,854
Karnataka,Dharwad East Rto,KA63,7979,3358
Karnataka,Dharwad West Rto,KA25,3865,1668
Karnataka,Electronic City Rto,KA51,32547,9489
Karnataka,Gadag Rto,KA26,1819,694
Karnataka,Gokak Arto,KA49,893,326
Karnataka,Hassan Rto,KA13,6743,3247
Karnataka,Haveri Rto,KA27,1559,443
Karnataka,Honnavar Arto,KA47,1937,706
Karnataka,Hospet Rto,KA35,1436,691
Karnataka,Hunsur Arto,KA45,389,219
Karnataka,Jamkhandi Arto,KA48,1184,382
Karnataka,Jnanabharathi Rto,KA41,7853,3822
Karnataka,K G F Arto,KA8,357,227
Karnataka,Kalaburagi Rto,KA32,5072,2708
Karnataka,Karwar Rto,KA30,598,227
Karnataka,Kolar Rto,KA7,2505,1097
Karnataka,Koppal Rto,KA37,1285,629
Karnataka,Krishnarajapuram Rto,KA53,14335,6620
Karnataka,"Madhugiri, Tumakuru Arto",KA64,365,117
Karnataka,Madikeri Rto,KA12,702,376
Karnataka,Mandya Rto,KA11,7428,2396
Karnataka,Mangalore Rto,KA19,9438,3719
Karnataka,Mysuru East Rto,KA55,1496,647
Karnataka,Mysuru West Rto,KA9,16147,7790
Karnataka,Nagamangala Rto,KA54,924,291
Karnataka,Nelamangala Rto,KA52,3079,1611
Karnataka,Puttur Rto,KA21,1978,688
Karnataka,Raichur Rto,KA36,2899,1307
Karnataka,Ramanagar Rto,KA42,2925,1431
Karnataka,Ramdurga Arto,KA69,197,97
Karnataka,Ranibennur Arto,KA68,1169,561
Karnataka,Regional Transport Office Belagavi,KA22,9874,4936
Karnataka,Sagar Arto,KA15,1118,509
Karnataka,Sakaleshpura Arto,KA46,172,87
Karnataka,Shimoga Rto,KA14,4894,2588
Karnataka,Sirsi Rto,KA31,1296,479
Karnataka,"Tarikere, Chikkamagaluru Arto",KA66,1088,387
Karnataka,Tiptur Arto,KA44,2828,974
Karnataka,Tumkur Rto,KA6,6953,3516
Karnataka,Udupi Rto,KA20,6377,2526
Karnataka,Yadgiri Rto,KA33,988,321
Karnataka,Yalahanka Rto,KA50,14285,8079
Kerala,Adoor Srto,KL26,958,423
Kerala,Alappuzha Rto,KL4,3151,1502
Kerala,Alathur Srto,KL49,1412,707
Kerala,Aluva Srto,KL41,2689,1375
Kerala,Angamali Srto,KL63,1412,561
Kerala,Attingal Rto,KL16,2605,783
Kerala,Chadayamangala Srto,KL82,622,295
Kerala,Chalakkudy Srto,KL64,1959,824
Kerala,Changanacherry Srto,KL33,1288,590
Kerala,Chengannur Srto,KL30,603,272
Kerala,Cherthala Srto,KL32,3153,1512
Kerala,Chittur Srto,KL70,1242,589
Kerala,Devikulam Srto,KL68,149,77
Kerala,Ernakulam Rto,KL7,6821,2997
Kerala,Guruvayur Srto,KL46,2239,1138
Kerala,Idukki Rto,KL6,217,114
Kerala,Irinjalakuda Srto,KL45,2721,1251
Kerala,Iritty Srto,KL78,651,269
Kerala,Kanhangad Srto,KL60,1167,574
Kerala,Kanjirappally Srto,KL34,499,278
Kerala,Kannur Rto,KL13,3135,1486
Kerala,Karunagappally Srto,KL23,1776,938
Kerala,Kasargode Rto,KL14,1530,822
Kerala,Kattakada Srto,KL74,2507,1301
Kerala,Kayamkulam Srto,KL29,1435,720
Kerala,Kazhakuttom Srto,KL22,2571,1231
Kerala,Kodungallur Srto,KL47,1305,605
Kerala,Koduvally Srto,KL57,3239,1391
Kerala,Koilandy Srto,KL56,1492,771
Kerala,Kollam Rto,KL2,3625,1807
Kerala,Kondotty Srto,KL84,3134,1428
Kerala,Konni Srto,KL83,469,215
Kerala,Kothamangalam Srto,KL44,777,377
Kerala,Kottarakkara Srto,KL24,985,476
Kerala,Kottayam Rto,KL5,2692,1263
Kerala,Kozhikode Rto,KL11,7819,4258
Kerala,Kunnathur Srto,KL61,618,340
Kerala,Kuttanadu Srto,KL66,426,208
Kerala,Malappuram Rto,KL10,3627,1453
Kerala,Mallappally Srto,KL28,282,124
Kerala,Mananthavady Srto,KL72,329,154
Kerala,Mannarghat Srto,KL50,997,436
Kerala,Mattancherry Srto,KL43,1933,929
Kerala,Mavelikkara Srto,KL31,1078,538
Kerala,Muvattupuzha Rto,KL17,1946,833
Kerala,Nanmanda Srto,KL76,2919,1511
Kerala,Nationalised Sector(Tvpm) Rto,KL15,165,115
Kerala,Nedumangadu Srto,KL21,2708,1465
Kerala,Neyyattinkara Srto,KL20,2415,1296
Kerala,Nilambur Srto,KL71,1555,1070
Kerala,North Parur Srto,KL42,3166,1508
Kerala,Ottappalam Srto,KL51,1322,617
Kerala,Palai Srto,KL35,757,380
Kerala,Palakkad Rto,KL9,2607,1264
Kerala,Parassala Srto,KL19,2022,1051
Kerala,Pathanamthitta Rto,KL3,595,282
Kerala,Pathanapuram Srto,KL80,335,190
Kerala,Pattambi Srto,KL52,1622,847
Kerala,Payyannur Srto,KL86,1156,495
Kerala,Perambra Srto,KL77,1035,493
Kerala,Perinthalmanna Srto,KL53,2654,1045
Kerala,Perumbavur Srto,KL40,2730,1156
Kerala,Ponnani Srto,KL54,1931,982
Kerala,Punalur Srto,KL25,557,285
Kerala,Ramanattukara (Feroke) Srto,KL85,3811,2234
Kerala,Ranni Srto,KL62,289,128
Kerala,Sulthanbathery Srto,KL73,524,289
Kerala,Thalassery Srto,KL58,1813,859
Kerala,Thaliparamba Srto,KL59,1642,588
Kerala,Thirur Srto,KL55,4369,2062
Kerala,Thirurangadi Srto,KL65,4175,1925
Kerala,Thiruvalla Srto,KL27,639,287
Kerala,Thodupuzha Srto,KL38,661,304
Kerala,Thriprayar Srto,KL75,1744,844
Kerala,Thrissur Rto,KL8,5190,2541
Kerala,Tripunithura Srto,KL39,2794,1226
Kerala,Trivandrum Rto,KL1,9600,4680
Kerala,Udumbanchola Srto,KL69,264,151
Kerala,Uzhavoor Srto,KL67,506,229
Kerala,Vadakara Rto,KL18,1323,647
Kerala,Vaikom Srto,KL36,1341,605
Kerala,Vandiperiyar Srto,KL37,146,90
Kerala,Varkala Srto,KL81,755,363
Kerala,Vellarikundu Srto,KL79,233,110
Kerala,Wadakkancherry Srto,KL48,1922,1008
Kerala,Wayanad Rto,KL12,584,292
Ladakh,Kargil Arto,LA1,3,1
Ladakh,Leh Arto,LA2,72,26
Madhya Pradesh,Agar Malwa Rto,MP70,70,17
Madhya Pradesh,Alirajpur Dto,MP69,70,39
Madhya Pradesh,Anuppur Dto,MP65,171,118
Madhya Pradesh,Ashoknagar Dto,MP67,939,295
Madhya Pradesh,Badwani Dto,MP46,220,80
Madhya Pradesh,Balaghat Dto,MP50,1256,348
Madhya Pradesh,Betul Dto,MP48,1134,598
Madhya Pradesh,Bhind Dto,MP30,2281,1349
Madhya Pradesh,Bhopal Rto,MP4,21413,9736
Madhya Pradesh,Burhanpur Dto,MP68,154,63
Madhya Pradesh,Chattarpur Arto,MP16,4982,2050
Madhya Pradesh,Chhindwara Arto,MP28,3978,2186
Madhya Pradesh,Damoh Dto,MP34,1570,838
Madhya Pradesh,Datia Dto,MP32,736,531
Madhya Pradesh,Dewas Dto,MP41,1572,1047
Madhya Pradesh,Dhar Arto,MP11,795,305
Madhya Pradesh,Dindori Dto,MP52,67,40
Madhya Pradesh,Guna Dto,MP8,1383,720
Madhya Pradesh,Gwalior Rto,MP7,17342,8406
Madhya Pradesh,Harda Dto,MP47,639,179
Madhya Pradesh,Hosangabad Dto,MP5,2946,1138
Madhya Pradesh,Indore Rto,MP9,32518,16110
Madhya Pradesh,Jabalpur Rto,MP20,13890,8212
Madhya Pradesh,Jhabua Dto,MP45,574,101
Madhya Pradesh,Katni Arto,MP21,3270,1676
Madhya Pradesh,Khandwa Arto,MP12,874,281
Madhya Pradesh,Khargone Arto,MP10,857,436
Madhya Pradesh,Mandla Dto,MP51,1006,371
Madhya Pradesh,Mandsaur Arto,MP14,1940,838
Madhya Pradesh,Morena Dto,MP6,4397,1548
Madhya Pradesh,Narsinghpur Dto,MP49,1222,673
Madhya Pradesh,Neemuch Dto,MP44,580,402
Madhya Pradesh,Niwari Dto,MP71,148,148
Madhya Pradesh,Panna Dto,MP35,837,377
Madhya Pradesh,Raisen Dto,MP38,942,467
Madhya Pradesh,Rajgarh Dto,MP39,388,294
Madhya Pradesh,Ratlam Dto,MP43,2054,1118
Madhya Pradesh,Rewa Rto,MP17,2719,1658
Madhya Pradesh,Sagar Rto,MP15,3329,2118
Madhya Pradesh,Satna Arto,MP19,3084,1726
Madhya Pradesh,Sehore Dto,MP37,810,476
Madhya Pradesh,Seoni Arto,MP22,907,540
Madhya Pradesh,Shahdol Rto,MP18,709,470
Madhya Pradesh,Shajapur Dto,MP42,282,151
Madhya Pradesh,Sheopur Dto,MP31,162,66
Madhya Pradesh,Shivpuri Dto,MP33,1491,489
Madhya Pradesh,Sidhi Dto,MP53,474,280
Madhya Pradesh,Singroli Dto,MP66,432,257
Madhya Pradesh,Tikamgarh Dto,MP36,1142,802
Madhya Pradesh,Ujjain Rto,MP13,9094,5020
Madhya Pradesh,Umaria Dto,MP54,89,58
Madhya Pradesh,Vidisha Dto,MP40,2527,1032
Maharashtra,Ahemednagar,MH16,10763,5620
Maharashtra,Akluj,MH45,2491,1346
Maharashtra,Akola,MH30,3844,2108
Maharashtra,Ambejogai,MH44,1415,482
Maharashtra,Amrawati,MH27,11293,5528
Maharashtra,Aurangabad,MH20,17313,7766
Maharashtra,Baramati,MH42,5077,2773
Maharashtra,Beed,MH23,3041,1659
Maharashtra,Bhadgaon,MH54,980,372
Maharashtra,Bhandara,MH36,2026,1177
Maharashtra,Buldhana,MH28,2406,1189
Maharashtra,Chalisgaon,MH52,316,123
Maharashtra,Chandrapur,MH34,2791,1624
Maharashtra,Dharashiv,MH25,1378,798
Maharashtra,Dhule,MH18,3549,1733
Maharashtra,"Dy Regional Transport Office, Hingoli",MH38,1389,522
Maharashtra,Dy Rto Pimpri Chinchwad,MH14,46488,16362
Maharashtra,Dy Rto Ratnagiri,MH8,2666,1386
Maharashtra,Dy.R.T.O.Borivali,MH47,8990,3142
Maharashtra,Dy.r.t.o.borivali,MH47,82,0
Maharashtra,Gadchiroli,MH33,501,290
Maharashtra,Gondhia,MH35,2394,1520
Maharashtra,Ichalkaranji,MH51,9347,3769
Maharashtra,Jalana,MH21,4255,1790
Maharashtra,Jalgaon,MH19,6041,2914
Maharashtra,Kalyan,MH5,9456,3589
Maharashtra,Karad,MH50,3486,1346
Maharashtra,Kolhapur,MH9,21913,10448
Maharashtra,Latur,MH24,6728,3025
Maharashtra,Malegaon,MH41,3641,1777
Maharashtra,Mumbai (Central),MH1,10907,3901
Maharashtra,Mumbai (East),MH3,7837,2815
Maharashtra,Mumbai (West),MH2,9293,2866
Maharashtra,Nagpur (East),MH49,29907,13802
Maharashtra,Nagpur (Rural),MH40,8819,4754
Maharashtra,Nagpur (U),MH31,9191,4216
Maharashtra,Nanded,MH26,6233,3280
Maharashtra,Nandurbar,MH39,1228,677
Maharashtra,Nashik,MH15,19399,8662
Maharashtra,Osmanabad,MH25,4,0
Maharashtra,Panvel,MH46,7936,3299
Maharashtra,Parbhani,MH22,2172,1123
Maharashtra,Pen (Raigad),MH6,3833,1665
Maharashtra,Pune,MH12,82818,32464
Maharashtra,Sangli,MH10,14070,5948
Maharashtra,Satara,MH11,7660,3675
Maharashtra,Sindhudurg(Kudal),MH7,1971,1137
Maharashtra,Solapur,MH13,8984,4973
Maharashtra,Srirampur,MH17,5506,2808
Maharashtra,Thane,MH4,12052,4257
Maharashtra,Vasai,MH48,12458,5190
Maharashtra,Vashi (New Mumbai),MH43,5319,1984
Maharashtra,Wardha,MH32,3724,2153
Maharashtra,Washim,MH37,1117,681
Maharashtra,Yawatmal,MH29,3430,2147
Manipur,Bishnupur,MN5,161,5
Manipur,Churachandpur,MN2,7,0
Manipur,Imphal East,MN6,498,94
Manipur,Imphal West,MN1,637,115
Manipur,Thoubal,MN4,42,0
Meghalaya,Ampati,ML14,17,15
Meghalaya,Baghmara,ML9,28,28
Meghalaya,Jowai,ML4,79,77
Meghalaya,Khliehriat,ML11,35,35
Meghalaya,Mairang,ML15,28,28
Meghalaya,Mawkyrwat,ML12,15,15
Meghalaya,Nongpoh,ML10,66,64
Meghalaya,Nongstoin,ML6,40,40
Meghalaya,Resubelpara,ML13,30,20
Meghalaya,Shillong,ML5,284,211
Meghalaya,Tura,ML8,38,35
Meghalaya,Williamnagar,ML7,17,17
Mizoram,Aizawl Dto,MZ1,389,304
Mizoram,Champhai,MZ4,5,4
Mizoram,Kolasib,MZ5,5,5
Mizoram,Lawngtlai,MZ7,1,1
Mizoram,Lunglei,MZ2,11,8
Mizoram,Mamit,MZ8,1,1
Mizoram,Saiha,MZ3,1,1
Mizoram,Serchhip,MZ6,1,0
Nagaland,Dimapur Dto,NL7,22,6
Nagaland,Kohima Rto,NL1,3,2
Nagaland,Mokokchung Rto,NL2,1,0
Odisha,Angul Rto,OR19,1444,895
Odisha,Arto Barbil,OR901,33,6
Odisha,Balasore Rto,OR1,15553,3996
Odisha,Bargarh Rto,OR17,14551,3228
Odisha,Bhadrak Rto,OR22,7889,3147
Odisha,Bhanjanagar Rto,OR32,448,240
Odisha,Bhubaneswar Rto,OR2,16648,7466
Odisha,Bhubaneswar-Ii Rto,OR33,13126,7032
Odisha,Bolangir Rto,OR3,2912,1345
Odisha,Boudh Rto,OR27,158,80
Odisha,Chandikhole Rto,OR4,807,472
Odisha,Cuttack Rto,OR5,14056,7323
Odisha,Deogarh Rto,OR28,119,88
Odisha,Dhenkanal Rto,OR6,1078,480
Odisha,Gajapati Rto,OR20,101,68
Odisha,Ganjam Rto,OR7,5838,3051
Odisha,Jagatsinghpur Rto,OR21,788,469
Odisha,Jajpur Rto,OR34,3531,1545
Odisha,Jharsuguda Rto,OR23,1455,538
Odisha,Kalahandi Rto,OR8,651,404
Odisha,Kendrapara Rto,OR29,1268,873
Odisha,Keonjhar Rto,OR9,2834,1468
Odisha,Khordha Arto,OR201,1389,969
Odisha,Koraput Rto,OR10,808,416
Odisha,Malkanagiri Rto,OR30,142,72
Odisha,Mayurbhanj Rto,OR11,4711,2368
Odisha,Nawarangpur Rto,OR24,393,166
Odisha,Nayagarh Rto,OR25,1136,787
Odisha,Nuapada Rto,OR26,622,212
Odisha,Phulbani Rto,OR12,69,52
Odisha,Puri Rto,OR13,7956,4140
Odisha,Rairangpur Arto,OR111,125,83
Odisha,Raygada Rto,OR18,451,270
Odisha,Rourkela Rto,OR14,6519,2569
Odisha,Sambalpur Rto,OR15,2806,1581
Odisha,Sonepur Rto,OR31,1234,590
Odisha,Sundergarh Rto,OR16,1206,590
Odisha,Talcher Rto,OR35,358,270
Puducherry,Bahour,PY11,352,203
Puducherry,Karaikal,PY2,504,265
Puducherry,Mahe,PY3,82,49
Puducherry,Oulgaret,PY5,2681,1241
Puducherry,Puducherry,PY1,2024,1067
Puducherry,Villianur,PY51,864,430
Puducherry,Yanam,PY4,56,29
Punjab,Abohar Sdm,PB15,2,0
Punjab,Amloh Sdm,PB48,1,0
Punjab,Amritsar Rta,PB2,177,0
Punjab,Amritsar-2 Sdm,PB89,1,0
Punjab,Bagha Purana Sdm,PB69,1,0
Punjab,Barnala Sdm,PB19,8,0
Punjab,Batala Sdm,PB18,1,0
Punjab,Bathinda Rta,PB3,111,0
Punjab,Bhikhiwind Sdm,PB88,2,0
Punjab,Budhlada Sdm,PB50,1,0
Punjab,Dera Bassi Sdm,PB70,5,0
Punjab,Dudhan Sadhan Sdm,PB83,2,0
Punjab,Faridkot Rta,PB4,16,0
Punjab,Fatehgarh Sahib Sdm,PB23,1,0
Punjab,Fazilka Sdm,PB22,1,0
Punjab,Ferozpur Rta,PB5,30,0
Punjab,Garshankar Sdm,PB24,1,0
Punjab,Giddarbaha Sdm,PB60,2,0
Punjab,Gurdaspur Rta,PB6,1,0
Punjab,Hoshiarpur Rta,PB7,28,0
Punjab,Jalandhar Rta,PB8,55,0
Punjab,Jalandhar-11 Sdm,PB90,1,0
Punjab,Kapurthala Sdm,PB9,4,0
Punjab,Kharar Sdm,PB27,1,0
Punjab,Kotkapura Sdm,PB79,1,0
Punjab,Ludhiana East Sdm,PB91,3,0
Punjab,Ludhiana Rta,PB10,137,0
Punjab,Malerkotla Sdm,PB28,2,0
Punjab,Mansa Sdm,PB31,58,0
Punjab,Moga Sdm,PB29,3,0
Punjab,Muktsar Sdm,PB30,1,0
Punjab,Nabha Sdm,PB34,1,0
Punjab,Pathankot Sdm,PB35,11,0
Punjab,Patiala Rta,PB11,197,0
Punjab,Patran Sdm,PB72,7,0
Punjab,Phagwara Sdm,PB36,2,0
Punjab,Phillour Sdm,PB37,2,0
Punjab,Punjab Sta(Rac)-(Aitp),PB1,10,5
Punjab,Ropar Sdm,PB12,1,0
Punjab,Rto Amritsar,PB2,9011,5662
Punjab,Rto Barnala,PB19,513,232
Punjab,Rto Bathinda,PB3,3006,1710
Punjab,Rto Faridkot,PB4,2000,1188
Punjab,Rto Fatehgarh Sahib,PB23,118,58
Punjab,Rto Fazilka,PB22,367,66
Punjab,Rto Ferozpur,PB5,1821,836
Punjab,Rto Gurdaspur,PB6,2195,1217
Punjab,Rto Hoshiarpur,PB7,1699,860
Punjab,Rto Jalandhar,PB8,8449,4610
Punjab,Rto Kapurthala,PB9,394,267
Punjab,Rto Ludhiana,PB10,16090,10890
Punjab,Rto Malerkotla,PB28,248,210
Punjab,Rto Mansa,PB31,879,71
Punjab,Rto Moga,PB29,356,297
Punjab,Rto Muktsar Sahib,PB30,321,176
Punjab,Rto Pathankot,PB35,892,322
Punjab,Rto Patiala,PB11,4096,2085
Punjab,Rto Ropar,PB12,173,83
Punjab,Rto Sahibzada Ajit Singh Nagar,PB65,1677,1116
Punjab,Rto Sangrur,PB13,2017,688
Punjab,Rto Sbs Nagar,PB32,85,46
Punjab,Rto Tarn Taran,PB46,731,221
Punjab,Sahibzada Ajit Singh Nagar Rta,PB65,14,0
Punjab,Sangrur Rta,PB13,46,0
Punjab,Sardulgarh Sdm,PB51,3,0
Punjab,Sdm Abohar,PB15,554,126
Punjab,Sdm Ahmedgarh,PB82,31,25
Punjab,Sdm Ajnala,PB14,266,92
Punjab,Sdm Amargarh,PB92,17,14
Punjab,Sdm Amloh,PB48,86,65
Punjab,Sdm Amritsar-2,PB89,55,3
Punjab,Sdm Anandpur Sahib,PB16,183,24
Punjab,Sdm Baba Bakala,PB17,11,8
Punjab,Sdm Bagha Purana,PB69,25,5
Punjab,Sdm Balachaur,PB20,73,14
Punjab,Sdm Banga,PB78,22,11
Punjab,Sdm Bassi Pathana,PB52,36,12
Punjab,Sdm Batala,PB18,519,219
Punjab,Sdm Bhawnigarh,PB84,13,6
Punjab,Sdm Bhikhiwind,PB88,19,16
Punjab,Sdm Bholath,PB57,4,2
Punjab,Sdm Budhlada,PB50,336,7
Punjab,Sdm Chamkaur Sahib,PB71,24,8
Punjab,Sdm Dasuya,PB21,13,9
Punjab,Sdm Dera Baba Nanak,PB58,17,11
Punjab,Sdm Dera Bassi,PB70,408,139
Punjab,Sdm Dhar Kalan,PB68,2,2
Punjab,Sdm Dharamkot,PB76,18,6
Punjab,Sdm Dhuri,PB59,64,42
Punjab,Sdm Dinanagar,PB99,38,23
Punjab,Sdm Dirba,PB86,12,11
Punjab,Sdm Dudhan Sadhan,PB83,13,3
Punjab,Sdm Garshankar,PB24,16,2
Punjab,Sdm Giddarbaha,PB60,50,8
Punjab,Sdm Guru Har Sahai,PB77,81,23
Punjab,Sdm Jagraon,PB25,52,39
Punjab,Sdm Jaito,PB62,10,1
Punjab,Sdm Jalalabad,PB61,191,30
Punjab,Sdm Jalandhar-11,PB90,5,2
Punjab,Sdm Kalanaur,PB85,6,5
Punjab,Sdm Khadur Sahib,PB63,4,1
Punjab,Sdm Khamano,PB49,37,26
Punjab,Sdm Khanna,PB26,90,64
Punjab,Sdm Kharar,PB27,284,145
Punjab,Sdm Kotkapura,PB79,38,17
Punjab,Sdm Lehragaga,PB75,42,14
Punjab,Sdm Lopoke,PB93,2,2
Punjab,Sdm Ludhiana East,PB91,609,314
Punjab,Sdm Majitha,PB81,5,5
Punjab,Sdm Malout,PB53,125,31
Punjab,Sdm Maur Mandi,PB80,8,6
Punjab,Sdm Moonak,PB64,14,7
Punjab,Sdm Morinda,PB87,12,7
Punjab,Sdm Mukerian,PB54,54,31
Punjab,Sdm Nabha,PB34,56,47
Punjab,Sdm Nakodar,PB33,8,3
Punjab,Sdm Nangal,PB74,280,41
Punjab,Sdm Nihal Singh Wala,PB66,9,6
Punjab,Sdm Patran,PB72,63,12
Punjab,Sdm Patti,PB38,33,20
Punjab,Sdm Payal,PB55,30,21
Punjab,Sdm Phagwara,PB36,97,56
Punjab,Sdm Phillour,PB37,28,17
Punjab,Sdm Raikot,PB56,18,11
Punjab,Sdm Rajpura,PB39,290,115
Punjab,Sdm Rampura Phul,PB40,12,9
Punjab,Sdm Samana,PB42,117,30
Punjab,Sdm Samrala,PB43,40,23
Punjab,Sdm Sardulgarh,PB51,44,5
Punjab,Sdm Shahkot,PB67,11,7
Punjab,Sdm Sultanpur Lodhi,PB41,43,24
Punjab,Sdm Sunam,PB44,40,22
Punjab,Sdm Talwandi Sabo,PB45,5,5
Punjab,Sdm Tapa,PB73,9,6
Punjab,Sdm Zira,PB47,33,3
Punjab,Shahid Bhagat Singh Nagar Sdm,PB32,2,0
Punjab,Talwandi Sabo Sdm,PB45,3,0
Punjab,Tarn Taran Sdm,PB46,19,0
Rajasthan,Abu Road Dto,RJ38,228,125
Rajasthan,Ajmer Rto,RJ1,12844,4411
Rajasthan,Alwar Rto,RJ2,14271,4436
Rajasthan,Balotra Dto,RJ39,958,402
Rajasthan,Banswara Dto,RJ3,559,187
Rajasthan,Baran Dto,RJ28,1295,574
Rajasthan,Barmer Dto,RJ4,1192,647
Rajasthan,Beawar Dto,RJ36,1285,680
Rajasthan,Bharatpur Rto,RJ5,3709,1412
Rajasthan,Bhilwara Dto,RJ6,6597,2574
Rajasthan,Bhinmal Dto,RJ46,703,216
Rajasthan,Bhiwari Dto,RJ40,2011,623
Rajasthan,Bikaner Rto,RJ7,6119,2473
Rajasthan,Bundi Dto,RJ8,1429,592
Rajasthan,Chittorgarh Rto,RJ9,3982,1160
Rajasthan,Chomu Dto,RJ41,1252,743
Rajasthan,Churu Dto,RJ10,1818,821
Rajasthan,Dausa Rto,RJ29,6686,2196
Rajasthan,Dholpur Dto,RJ11,1084,393
Rajasthan,Didwana Dto,RJ37,2566,950
Rajasthan,Dudu Dto,RJ47,571,307
Rajasthan,Dungarpur Dto,RJ12,939,346
Rajasthan,Hanumangarh Dto,RJ31,2081,665
Rajasthan,"Jagatpura, Jaipur Arto",RJ141,38014,10838
Rajasthan,Jaipur (First) Rto,RJ14,47925,19041
Rajasthan,Jaipur (Second) Rto,RJ59,8211,6426
Rajasthan,Jaisalmer Dto,RJ15,412,246
Rajasthan,Jalore Dto,RJ16,632,227
Rajasthan,Jhalawar Dto,RJ17,1308,366
Rajasthan,Jhunjhunu Dto,RJ18,5251,2187
Rajasthan,Jodhpur Rto,RJ19,15955,7209
Rajasthan,Karoli Dto,RJ34,775,391
Rajasthan,Kekri Dto,RJ48,458,166
Rajasthan,Khetri Dto,RJ53,309,131
Rajasthan,Kishangarh Dto,RJ42,1198,565
Rajasthan,Kota Rto,RJ20,10538,5775
Rajasthan,Kotputali Dto,RJ32,1274,678
Rajasthan,Nagaur Dto,RJ21,1938,782
Rajasthan,Nohar Dto,RJ49,274,136
Rajasthan,Nokha Dto,RJ50,307,133
Rajasthan,Pali Rto,RJ22,2218,1183
Rajasthan,Phalodi Dto,RJ43,527,187
Rajasthan,Pipar City Dto,RJ54,630,284
Rajasthan,Pokhran Dto,RJ55,138,81
Rajasthan,Pratapgarh Dto,RJ35,664,213
Rajasthan,Rajsamand Dto,RJ30,2014,834
Rajasthan,Ramganjmandi Dto,RJ33,276,103
Rajasthan,Sadulshahar Dto,RJ56,65,11
Rajasthan,Sahapura (Bhilwara) Dto,RJ51,255,119
Rajasthan,Sahapura (Jaipur) Dto,RJ52,844,355
Rajasthan,Salumbar Dto,RJ58,71,53
Rajasthan,Sawai Madhopur Dto,RJ25,2425,1162
Rajasthan,Sikar Rto,RJ23,9162,3766
Rajasthan,Sirohi Dto,RJ24,1025,347
Rajasthan,Sri Ganganagar Dto,RJ13,5348,2052
Rajasthan,Sujangarh Dto,RJ44,506,291
Rajasthan,Sumerpur Dto,RJ57,565,273
Rajasthan,Tonk Dto,RJ26,4802,933
Rajasthan,Udaipur Rto,RJ27,9084,3409
Rajasthan,"Vidhyadhar Nagar,jaipur Dto",RJ142,5,0
Sikkim,Pakyong,SK7,2,2
Sikkim,Rto Gangtok,SK1,2,2
Tamil Nadu,Alangudi Uo,TN641,477,211
Tamil Nadu,Alangulam Uo,TN644,107,61
Tamil Nadu,Ambasamuthiram Uo,TN611,384,151
Tamil Nadu,Ambattur Rto,TN612,4657,1609
Tamil Nadu,Ambur Uo,TN628,492,157
Tamil Nadu,Arakkonam Uo,TN609,1023,221
Tamil Nadu,Arani Rto,TN516,1280,559
Tamil Nadu,Aranthangi Uo,TN592,289,96
Tamil Nadu,Aravakurichi Uo,TN632,331,153
Tamil Nadu,Ariyalur Rto,TN61,570,267
Tamil Nadu,Aruppukottai Uo,TN622,271,82
Tamil Nadu,Attur Rto,TN591,990,362
Tamil Nadu,Avinashi Uo,TN580,1926,1169
Tamil Nadu,Batlagundu Uo,TN596,403,143
Tamil Nadu,Bhavani Uo,TN578,1714,937
Tamil Nadu,Chengalpattu Rto,TN19,2864,1057
Tamil Nadu,Chennai (Central) Rto,TN1,5307,1099
Tamil Nadu,Chennai (East) Rto,TN4,3821,1087
Tamil Nadu,Chennai (North) Rto,TN5,5482,1792
Tamil Nadu,Chennai (North-East) Rto,TN3,2323,719
Tamil Nadu,Chennai (South) Rto,TN7,5958,1674
Tamil Nadu,Chennai (South-East) Rto,TN6,3061,1223
Tamil Nadu,Chennai (South-West) Rto,TN10,4133,1438
Tamil Nadu,Chennai (West) Rto,TN9,6929,2491
Tamil Nadu,Cheyyar Uo,TN635,907,312
Tamil Nadu,Chidambaram Rto,TN544,550,144
Tamil Nadu,Coimbatore (Central) Rto,TN66,5755,2556
Tamil Nadu,Coimbatore (North) Rto,TN38,3828,1891
Tamil Nadu,Coimbatore (South) Rto,TN37,2970,1369
Tamil Nadu,Coimbatore (West) Rto,TN99,3348,1680
Tamil Nadu,Cuddalore Rto,TN31,795,321
Tamil Nadu,Dharapuram Rto,TN594,1199,573
Tamil Nadu,Dharmapuri Rto,TN29,2463,1312
Tamil Nadu,Dindigul Rto,TN57,1709,653
Tamil Nadu,Erode (West) Rto,TN86,1563,836
Tamil Nadu,Erode Rto,TN33,3565,1857
Tamil Nadu,Gingee Uo,TN627,674,181
Tamil Nadu,Gopichettipalayam Rto,TN36,1470,787
Tamil Nadu,Gudalore Uo,TN582,55,33
Tamil Nadu,Gudiyatham Uo,TN514,1242,424
Tamil Nadu,Gummidipoondi Uo,TN625,759,231
Tamil Nadu,Harur Uo,TN527,1670,743
Tamil Nadu,Hosur Rto,TN70,4719,2473
Tamil Nadu,Illuppur Uo,TN629,868,317
Tamil Nadu,Kallakurichi Rto,TN615,1329,610
Tamil Nadu,Kancheepuram Rto,TN21,2407,953
Tamil Nadu,Kangeyam Uo,TN593,1069,556
Tamil Nadu,Karaikudi Uo,TN602,1003,533
Tamil Nadu,Karur Rto,TN47,1562,648
Tamil Nadu,Kovilpatti Rto,TN607,873,282
Tamil Nadu,Krishnagiri Rto,TN24,3050,1556
Tamil Nadu,Kulithali Uo,TN585,851,329
Tamil Nadu,Kumarapalayam Rto,TN638,1154,577
Tamil Nadu,Kumbakonam Rto,TN68,1605,729
Tamil Nadu,Kundrathur Rto,TN85,2607,944
Tamil Nadu,Lalkudi Uo,TN631,370,128
Tamil Nadu,Madurai (Central) Rto,TN64,1832,775
Tamil Nadu,Madurai (North) Rto,TN59,2296,1147
Tamil Nadu,Madurai (South) Rto,TN58,1507,614
Tamil Nadu,Madurantagam Uo,TN508,746,285
Tamil Nadu,Manaparai Uo,TN584,663,192
Tamil Nadu,Manmangalam Uo,TN637,509,79
Tamil Nadu,Mannargudi Uo,TN588,488,118
Tamil Nadu,Marthandam Rto,TN75,2652,1235
Tamil Nadu,Mayiladuthurai Rto,TN589,745,259
Tamil Nadu,Meenambakkam Rto,TN22,4579,1651
Tamil Nadu,Melur Uo,TN600,347,101
Tamil Nadu,Mettupalayam Rto,TN40,1181,671
Tamil Nadu,Mettur Rto,TN590,1044,441
Tamil Nadu,Musuri Uo,TN621,713,239
Tamil Nadu,Nagapattinam Rto,TN51,1162,340
Tamil Nadu,Nagercoil Rto,TN74,2096,957
Tamil Nadu,Namakkal (North) Rto,TN28,1489,562
Tamil Nadu,Namakkal (South) Rto,TN88,1510,628
Tamil Nadu,Natham Uo,TN640,155,54
Tamil Nadu,Neyveli Uo,TN562,375,116
Tamil Nadu,Oddanchatram Uo,TN595,205,92
Tamil Nadu,Omalure Uo,TN535,1230,655
Tamil Nadu,Ooty Rto,TN43,228,112
Tamil Nadu,Palacode Uo,TN616,1145,596
Tamil Nadu,Palani Rto,TN597,262,114
Tamil Nadu,Panruti Uo,TN626,353,97
Tamil Nadu,Paramakudi Uo,TN603,297,78
Tamil Nadu,Paramathi Vellure Uo,TN517,2187,740
Tamil Nadu,Pattukottai Unit Office,TN587,650,263
Tamil Nadu,Pattukottai Uo,TN587,1,0
Tamil Nadu,Perambalur Rto,TN46,592,190
Tamil Nadu,Perundurai Rto,TN56,2540,1387
Tamil Nadu,Pollachi Rto,TN41,1606,671
Tamil Nadu,Poonamallee Rto,TN511,6547,2170
Tamil Nadu,Pudukottai Rto,TN55,1144,511
Tamil Nadu,Rajapalayam Uo,TN643,393,134
Tamil Nadu,Ramanathapuram Rto,TN65,570,246
Tamil Nadu,Ranipet Rto,TN73,2097,796
Tamil Nadu,Rasipuram Uo,TN526,845,378
Tamil Nadu,Redhills Rto,TN18,3852,1474
Tamil Nadu,Rto Chennai (North West),TN2,4441,1265
Tamil Nadu,Salem (East) Rto,TN54,1328,575
Tamil Nadu,Salem (South) Rto,TN90,1430,661
Tamil Nadu,Salem (West) Rto,TN30,2363,1100
Tamil Nadu,Sankagiri Rto,TN52,1222,646
Tamil Nadu,Sankarankovil Rto,TN610,439,222
Tamil Nadu,Sathyamangalam Uo,TN579,752,464
Tamil Nadu,Sholinganallur Rto,TN512,4972,1753
Tamil Nadu,Sirkali Uo,TN623,276,101
Tamil Nadu,Sivagangai Rto,TN63,833,408
Tamil Nadu,Sivakasi Rto,TN604,1613,606
Tamil Nadu,Sriperumbudur Rto,TN614,687,217
Tamil Nadu,Srirangam Rto,TN48,1629,550
Tamil Nadu,Srivilliputhur Rto,TN605,434,142
Tamil Nadu,Sulur Uo,TN620,2710,1280
Tamil Nadu,Tambaram Rto,TN513,6566,2182
Tamil Nadu,Tenkasi Rto,TN76,1191,539
Tamil Nadu,Thanjavur Rto,TN49,2042,1131
Tamil Nadu,Theni Rto,TN60,657,367
Tamil Nadu,Thiruchendur Rto,TN606,1478,675
Tamil Nadu,Thirukalukuntram Uo,TN639,931,322
Tamil Nadu,Thirumangalam Uo,TN598,521,199
Tamil Nadu,Thirupattur Rto,TN624,1637,705
Tamil Nadu,Thiruthani Uo,TN634,753,230
Tamil Nadu,Thiruthuraipoondi Uo,TN630,201,48
Tamil Nadu,Thoothukudi Rto,TN69,2858,843
Tamil Nadu,Thuraiyur Uo,TN586,378,138
Tamil Nadu,Tindivanam Rto,TN571,847,298
Tamil Nadu,Tiruchengode Rto,TN34,2110,921
Tamil Nadu,Tiruchi Rto,TN45,1864,732
Tamil Nadu,Tiruchi(East) Rto,TN81,786,325
Tamil Nadu,Tirunelveli Rto,TN72,2100,839
Tamil Nadu,Tiruppur (North) Rto,TN39,4689,2483
Tamil Nadu,Tiruppur (South) Rto,TN42,4107,2185
Tamil Nadu,Tiruvallur Rto,TN20,1504,462
Tamil Nadu,Tiruvannamalai Rto,TN25,2786,1228
Tamil Nadu,Tiruvarur Rto,TN50,861,302
Tamil Nadu,Tiruveranbur Uo,TN583,892,261
Tamil Nadu,Udumalpet Rto,TN581,598,340
Tamil Nadu,Ulundurpet Rto,TN577,480,177
Tamil Nadu,Usilampatti Uo,TN636,146,54
Tamil Nadu,Uthamapalayam Uo,TN601,406,221
Tamil Nadu,Vadipatti Uo,TN599,237,107
Tamil Nadu,Valappadi Uo,TN613,180,99
Tamil Nadu,Valliyur Uo,TN608,13,0
Tamil Nadu,Vaniyambadi Rto,TN515,590,217
Tamil Nadu,Vedachandur Uo,TN617,400,118
Tamil Nadu,Vellore Rto,TN23,3411,1601
Tamil Nadu,Viluppuram Rto,TN32,1259,476
Tamil Nadu,Virudhachalam Uo,TN553,459,127
Tamil Nadu,Virudhunagar Rto,TN67,1317,375
Tripura,Dhalai Dto,TR4,2418,976
Tripura,Gomati Dto,TR3,410,233
Tripura,Khowai Dto,TR6,1220,423
Tripura,North Tripura Dto,TR5,5226,1531
Tripura,Sepahijala Dto,TR7,535,361
Tripura,South Tripura Dto,TR8,1180,733
Tripura,Unakoti Dto,TR2,1551,498
Tripura,West Tripura Jtc,TR1,7402,2207
Uttar Pradesh,Agra Rto,UP80,26228,12831
Uttar Pradesh,Akbarpur(Ambedkar Nagar),UP45,6227,2601
Uttar Pradesh,Aligarh Rto,UP81,14531,6688
Uttar Pradesh,Amethi Arto,UP36,5422,2454
Uttar Pradesh,Arto Office Rampur,UP22,5729,1895
Uttar Pradesh,Auraiya,UP79,2207,1358
Uttar Pradesh,Ayodhya Rto,UP42,11344,5268
Uttar Pradesh,Azamgarh Rto,UP50,7995,3192
Uttar Pradesh,Badaun,UP24,5724,2867
Uttar Pradesh,Baghpat,UP17,2848,1475
Uttar Pradesh,Bahraich,UP40,11299,4468
Uttar Pradesh,Ballia,UP60,9535,4093
Uttar Pradesh,Balrampur,UP47,8158,2666
Uttar Pradesh,Bandarto,UP90,6492,2928
Uttar Pradesh,Barabanki Arto,UP41,8677,3281
Uttar Pradesh,Bareilly,UP25,15971,6571
Uttar Pradesh,Basti Rto,UP51,4209,2227
Uttar Pradesh,Bhadohi(Sant Ravidas Nagar),UP66,1785,976
Uttar Pradesh,Bijnor,UP20,7567,3644
Uttar Pradesh,Bulandshahar,UP13,10121,4354
Uttar Pradesh,Chandauli,UP67,3183,1181
Uttar Pradesh,Chitrakoot,UP96,3739,1215
Uttar Pradesh,Deoria,UP52,7766,3504
Uttar Pradesh,Etah,UP82,1765,1162
Uttar Pradesh,Etawah,UP75,2866,1421
Uttar Pradesh,Farrukhabad,UP76,4342,1870
Uttar Pradesh,Fathehpur,UP71,7614,3054
Uttar Pradesh,Ferozabad,UP83,4496,2145
Uttar Pradesh,Ghaziabad,UP14,31162,14832
Uttar Pradesh,Ghazipur,UP61,6311,2964
Uttar Pradesh,Gonda,UP43,9183,3886
Uttar Pradesh,Gorakhpur Rto,UP53,16573,7089
Uttar Pradesh,Hamirpur(Up),UP91,3617,1411
Uttar Pradesh,Hapur,UP37,4150,2263
Uttar Pradesh,Hardoi,UP30,15288,4935
Uttar Pradesh,Hathras,UP86,2292,1564
Uttar Pradesh,Jaunpur,UP62,6349,3031
Uttar Pradesh,Jhansirto,UP93,6173,4384
Uttar Pradesh,Jpnagar,UP23,4484,1816
Uttar Pradesh,Kannauj,UP74,2162,1163
Uttar Pradesh,Kanpur Dehat,UP77,2651,1499
Uttar Pradesh,Kanpur Nagar,UP78,44779,14554
Uttar Pradesh,Kasganj(Kashi Ram Nagar),UP87,1666,1043
Uttar Pradesh,Kaushambi,UP73,5057,2088
Uttar Pradesh,Lakhimpur Kheri,UP31,9874,3818
Uttar Pradesh,Lalitpur,UP94,759,497
Uttar Pradesh,Mahanagar Arto Lucknow (Up321),UP321,3059,1713
Uttar Pradesh,Maharajganj,UP56,5330,2734
Uttar Pradesh,Mahoba,UP95,2602,1163
Uttar Pradesh,Mainpuri,UP84,2995,1538
Uttar Pradesh,Mathura,UP85,18245,6581
Uttar Pradesh,Mau,UP54,5818,2209
Uttar Pradesh,Meerut Rto,UP15,18923,7661
Uttar Pradesh,Mirzapur Rto,UP63,4501,2140
Uttar Pradesh,Moradabad,UP21,14645,5374
Uttar Pradesh,Muzaffarnagar,UP12,9676,3827
Uttar Pradesh,Noida,UP16,30998,15166
Uttar Pradesh,Orai,UP92,3901,1890
Uttar Pradesh,Padrauna(Kushi Nagar),UP57,5847,3178
Uttar Pradesh,Pilibhit,UP26,3882,1911
Uttar Pradesh,Pratapgarh,UP72,8475,4334
Uttar Pradesh,Prayagraj Rto,UP70,28654,11206
Uttar Pradesh,Raibareilly,UP33,9858,4065
Uttar Pradesh,Saharanpur Rto,UP11,11440,4305
Uttar Pradesh,Sahjahanpur,UP27,11698,4388
Uttar Pradesh,Sambhal Arto,UP38,4789,3187
Uttar Pradesh,Sant Kabir Nagar,UP58,3035,1319
Uttar Pradesh,Shamli Arto,UP19,4558,1288
Uttar Pradesh,Shravasti,UP46,3331,1434
Uttar Pradesh,Siddharth Nagar(Naugarh),UP55,4564,2269
Uttar Pradesh,Sitapur,UP34,17565,5997
Uttar Pradesh,Sonbhadra,UP64,1790,1022
Uttar Pradesh,Sultanpur,UP44,9086,3221
Uttar Pradesh,Transport Nagar Rto Lucknow (Up32),UP32,61305,27696
Uttar Pradesh,Unnao,UP35,9855,3398
Uttar Pradesh,Varanasi Rto,UP65,28062,14273
Uttarakhand,Almora Rto,UK1,18,6
Uttarakhand,Bageshwar Arto,UK2,9,0
Uttarakhand,Dehradun Rto,UK7,11659,4488
Uttarakhand,Haldwani Rto,UK4,4550,1527
Uttarakhand,Haridwar Arto,UK8,10304,3579
Uttarakhand,Kashipur Arto,UK18,4720,1331
Uttarakhand,Kotdwar Arto,UK15,679,259
Uttarakhand,Pauri Rto,UK12,9,2
Uttarakhand,Pithoragarh Arto,UK5,13,2
Uttarakhand,Ramnagar Arto,UK19,260,167
Uttarakhand,Ranikhet Arto,UK20,4,2
Uttarakhand,Rishikesh Arto,UK14,3242,838
Uttarakhand,Roorkee Arto,UK17,5819,2400
Uttarakhand,Rudraprayag Arto,UK13,1,1
Uttarakhand,Tanakpur Arto,UK3,771,221
Uttarakhand,Tehri Arto,UK9,17,5
Uttarakhand,Udham Singh Nagar Arto,UK6,7750,2085
Uttarakhand,Uttarkashi Arto,UK10,3,0
Uttarakhand,Vikas Nagar Arto,UK16,1738,271
West Bengal,Alipore Rto,WB19,2329,1290
West Bengal,Alipurduar Rto,WB69,1488,729
West Bengal,Arambag Arto,WB18,403,46
West Bengal,Bangaon Arto,WB27,683,31
West Bengal,Bankura Rto,WB67,1069,159
West Bengal,Barasat Rto,WB25,7429,1455
West Bengal,Barrackpore Arto,WB23,2055,751
West Bengal,Baruipur Arto,WB95,644,323
West Bengal,Basirhat Arto,WB21,1441,757
West Bengal,Behala Arto,WB9,980,513
West Bengal,Birbhum Rto,WB53,594,239
West Bengal,Bishnupur Arto,WB87,85,36
West Bengal,Bolpur Arto,WB47,251,81
West Bengal,Chanchol Arto,WB83,1134,125
West Bengal,Contai Arto,WB31,906,567
West Bengal,Coochbehar Rto,WB63,3496,489
West Bengal,Dakshin Dinajpur Rto,WB61,4123,300
West Bengal,Darjeeling Rto,WB76,107,90
West Bengal,Diamond Harbour Arto,WB97,529,241
West Bengal,Durgapore Arto,WB39,1747,911
West Bengal,Ghatal Arto,WB50,1964,1925
West Bengal,Haldia Arto,WB32,233,110
West Bengal,Hooghly Rto,WB15,2121,638
West Bengal,Howrah Rto,WB11,3382,1025
West Bengal,Islampur Arto,WB91,109,88
West Bengal,Jalpaiguri Rto,WB71,844,308
West Bengal,Jangipur Arto,WB93,276,221
West Bengal,Jhargram Rto,WB49,232,156
West Bengal,Kalimpong Rto,WB78,4,2
West Bengal,Kalna Arto,WB43,118,32
West Bengal,Kalyani Arto,WB89,344,144
West Bengal,Kasba Arto,WB5,2398,1013
West Bengal,Katwa Arto,WB75,220,78
West Bengal,Kharagpur Arto,WB35,967,799
West Bengal,Malda Rto,WB65,5023,1499
West Bengal,Mathabhanga Arto,WB85,225,162
West Bengal,Murshidabad Rto,WB57,2411,1463
West Bengal,Nadia Rto,WB51,1734,834
West Bengal,Paschim Burdwan Rto,WB37,2052,1039
West Bengal,Paschim Midnapore Rto,WB33,947,544
West Bengal,Purba Burdwan Rto,WB41,1453,321
West Bengal,Purulia Rto,WB55,3478,1560
West Bengal,Pvd Kolkata,WB1,3658,1969
West Bengal,Raghunathpur Arto,WB81,254,96
West Bengal,Rampurhat Arto,WB45,411,78
West Bengal,Saltlake Arto,WB7,1631,694
West Bengal,Siliguri Arto,WB73,5893,1220
West Bengal,Srirampur Arto,WB17,755,133
West Bengal,Tamluk Rto,WB29,699,426
West Bengal,Tehatta Arto,WB52,8,0
West Bengal,Uluberia Arto,WB13,502,279
West Bengal,Uttar Dinajpur Rto,WB59,1197,273
