state_name,date,chargeable_ev_registrations,total_registrations,ev_share_pct
Andaman & Nicobar Islands,2019-01-01,0,870,0.000
Andaman & Nicobar Islands,2019-02-01,0,748,0.000
Andaman & Nicobar Islands,2019-03-01,0,817,0.000
Andaman & Nicobar Islands,2019-04-01,0,753,0.000
Andaman & Nicobar Islands,2019-05-01,2,761,0.263
Andaman & Nicobar Islands,2019-06-01,0,669,0.000
Andaman & Nicobar Islands,2019-07-01,0,823,0.000
Andaman & Nicobar Islands,2019-08-01,0,718,0.000
Andaman & Nicobar Islands,2019-09-01,0,698,0.000
Andaman & Nicobar Islands,2019-10-01,0,840,0.000
Andaman & Nicobar Islands,2019-11-01,0,703,0.000
Andaman & Nicobar Islands,2019-12-01,0,769,0.000
Andaman & Nicobar Islands,2020-01-01,0,875,0.000
Andaman & Nicobar Islands,2020-02-01,3,663,0.452
Andaman & Nicobar Islands,2020-03-01,0,694,0.000
Andaman & Nicobar Islands,2020-04-01,0,158,0.000
Andaman & Nicobar Islands,2020-05-01,0,122,0.000
Andaman & Nicobar Islands,2020-06-01,10,611,1.637
Andaman & Nicobar Islands,2020-07-01,15,615,2.439
Andaman & Nicobar Islands,2020-08-01,0,1,0.000
Andaman & Nicobar Islands,2020-09-01,1,583,0.172
Andaman & Nicobar Islands,2020-10-01,3,651,0.461
Andaman & Nicobar Islands,2020-11-01,2,692,0.289
Andaman & Nicobar Islands,2020-12-01,2,568,0.352
Andaman & Nicobar Islands,2021-01-01,15,530,2.830
Andaman & Nicobar Islands,2021-02-01,26,545,4.771
Andaman & Nicobar Islands,2021-03-01,31,639,4.851
Andaman & Nicobar Islands,2021-04-01,9,731,1.231
Andaman & Nicobar Islands,2021-05-01,0,8,0.000
Andaman & Nicobar Islands,2021-06-01,0,7,0.000
Andaman & Nicobar Islands,2021-07-01,8,696,1.149
Andaman & Nicobar Islands,2021-08-01,1,543,0.184
Andaman & Nicobar Islands,2021-09-01,0,455,0.000
Andaman & Nicobar Islands,2021-10-01,1,462,0.216
Andaman & Nicobar Islands,2021-11-01,0,591,0.000
Andaman & Nicobar Islands,2021-12-01,1,545,0.183
Andaman & Nicobar Islands,2022-01-01,0,474,0.000
Andaman & Nicobar Islands,2022-02-01,0,538,0.000
Andaman & Nicobar Islands,2022-03-01,2,536,0.373
Andaman & Nicobar Islands,2022-04-01,1,615,0.163
Andaman & Nicobar Islands,2022-05-01,0,511,0.000
Andaman & Nicobar Islands,2022-06-01,0,579,0.000
Andaman & Nicobar Islands,2022-07-01,0,569,0.000
Andaman & Nicobar Islands,2022-08-01,0,614,0.000
Andaman & Nicobar Islands,2022-09-01,0,678,0.000
Andaman & Nicobar Islands,2022-10-01,0,612,0.000
Andaman & Nicobar Islands,2022-11-01,7,639,1.095
Andaman & Nicobar Islands,2022-12-01,13,700,1.857
Andaman & Nicobar Islands,2023-01-01,0,616,0.000
Andaman & Nicobar Islands,2023-02-01,0,595,0.000
Andaman & Nicobar Islands,2023-03-01,2,769,0.260
Andaman & Nicobar Islands,2023-04-01,1,522,0.192
Andaman & Nicobar Islands,2023-05-01,0,655,0.000
Andaman & Nicobar Islands,2023-06-01,1,604,0.166
Andaman & Nicobar Islands,2023-07-01,3,679,0.442
Andaman & Nicobar Islands,2023-08-01,3,813,0.369
Andaman & Nicobar Islands,2023-09-01,1,617,0.162
Andaman & Nicobar Islands,2023-10-01,2,675,0.296
Andaman & Nicobar Islands,2023-11-01,4,857,0.467
Andaman & Nicobar Islands,2023-12-01,9,670,1.343
Andaman & Nicobar Islands,2024-01-01,3,717,0.418
Andaman & Nicobar Islands,2024-02-01,6,721,0.832
Andaman & Nicobar Islands,2024-03-01,3,652,0.460
Andaman & Nicobar Islands,2024-04-01,13,670,1.940
Andaman & Nicobar Islands,2024-05-01,4,743,0.538
Andhra Pradesh,2019-01-01,119,86753,0.137
Andhra Pradesh,2019-02-01,294,95333,0.308
Andhra Pradesh,2019-03-01,367,99768,0.368
Andhra Pradesh,2019-04-01,279,104712,0.266
Andhra Pradesh,2019-05-01,78,99224,0.079
Andhra Pradesh,2019-06-01,189,90597,0.209
Andhra Pradesh,2019-07-01,75,87791,0.085
Andhra Pradesh,2019-08-01,151,83998,0.180
Andhra Pradesh,2019-09-01,64,68302,0.094
Andhra Pradesh,2019-10-01,118,148216,0.080
Andhra Pradesh,2019-11-01,124,88709,0.140
Andhra Pradesh,2019-12-01,248,62192,0.399
Andhra Pradesh,2020-01-01,107,87606,0.122
Andhra Pradesh,2020-02-01,107,87852,0.122
Andhra Pradesh,2020-03-01,105,95263,0.110
Andhra Pradesh,2020-04-01,8,10715,0.075
Andhra Pradesh,2020-05-01,1,30050,0.003
Andhra Pradesh,2020-06-01,76,75186,0.101
Andhra Pradesh,2020-07-01,97,57093,0.170
Andhra Pradesh,2020-08-01,193,78933,0.245
Andhra Pradesh,2020-09-01,256,83996,0.305
Andhra Pradesh,2020-10-01,178,119712,0.149
Andhra Pradesh,2020-11-01,171,111261,0.154
Andhra Pradesh,2020-12-01,292,75080,0.389
Andhra Pradesh,2021-01-01,304,104021,0.292
Andhra Pradesh,2021-02-01,393,82068,0.479
Andhra Pradesh,2021-03-01,1044,80768,1.293
Andhra Pradesh,2021-04-01,605,77327,0.782
Andhra Pradesh,2021-05-01,280,51621,0.542
Andhra Pradesh,2021-06-01,545,64085,0.850
Andhra Pradesh,2021-07-01,1009,70980,1.422
Andhra Pradesh,2021-08-01,830,71412,1.162
Andhra Pradesh,2021-09-01,870,64579,1.347
Andhra Pradesh,2021-10-01,1083,101416,1.068
Andhra Pradesh,2021-11-01,1234,79845,1.545
Andhra Pradesh,2021-12-01,1033,53588,1.928
Andhra Pradesh,2022-01-01,1691,73147,2.312
Andhra Pradesh,2022-02-01,2341,64810,3.612
Andhra Pradesh,2022-03-01,3212,64853,4.953
Andhra Pradesh,2022-04-01,2878,69229,4.157
Andhra Pradesh,2022-05-01,1732,61431,2.819
Andhra Pradesh,2022-06-01,1842,51564,3.572
Andhra Pradesh,2022-07-01,1976,54853,3.602
Andhra Pradesh,2022-08-01,1979,67321,2.940
Andhra Pradesh,2022-09-01,2332,67170,3.472
Andhra Pradesh,2022-10-01,2661,85901,3.098
Andhra Pradesh,2022-11-01,2910,81728,3.561
Andhra Pradesh,2022-12-01,2923,62088,4.708
Andhra Pradesh,2023-01-01,2949,69839,4.223
Andhra Pradesh,2023-02-01,3272,68316,4.790
Andhra Pradesh,2023-03-01,3913,73266,5.341
Andhra Pradesh,2023-04-01,3943,64225,6.139
Andhra Pradesh,2023-05-01,4765,72565,6.567
Andhra Pradesh,2023-06-01,1370,63026,2.174
Andhra Pradesh,2023-07-01,1749,68103,2.568
Andhra Pradesh,2023-08-01,2086,74917,2.784
Andhra Pradesh,2023-09-01,1654,69577,2.377
Andhra Pradesh,2023-10-01,2079,85473,2.432
Andhra Pradesh,2023-11-01,2341,97482,2.401
Andhra Pradesh,2023-12-01,2746,77653,3.536
Andhra Pradesh,2024-01-01,2710,72757,3.725
Andhra Pradesh,2024-02-01,3170,70288,4.510
Andhra Pradesh,2024-03-01,7850,86241,9.102
Andhra Pradesh,2024-04-01,3480,72424,4.805
Andhra Pradesh,2024-05-01,6401,73687,8.687
Arunachal Pradesh,2019-01-01,0,2254,0.000
Arunachal Pradesh,2019-02-01,0,2259,0.000
Arunachal Pradesh,2019-03-01,0,2895,0.000
Arunachal Pradesh,2019-04-01,0,2308,0.000
Arunachal Pradesh,2019-05-01,0,3063,0.000
Arunachal Pradesh,2019-06-01,0,2862,0.000
Arunachal Pradesh,2019-07-01,0,2897,0.000
Arunachal Pradesh,2019-08-01,0,2658,0.000
Arunachal Pradesh,2019-09-01,0,2804,0.000
Arunachal Pradesh,2019-10-01,0,2664,0.000
Arunachal Pradesh,2019-11-01,0,3144,0.000
Arunachal Pradesh,2019-12-01,1,4717,0.021
Arunachal Pradesh,2020-01-01,0,4364,0.000
Arunachal Pradesh,2020-02-01,0,1631,0.000
Arunachal Pradesh,2020-03-01,2,3487,0.057
Arunachal Pradesh,2020-04-01,0,781,0.000
Arunachal Pradesh,2020-05-01,0,341,0.000
Arunachal Pradesh,2020-06-01,0,856,0.000
Arunachal Pradesh,2020-07-01,0,582,0.000
Arunachal Pradesh,2020-08-01,0,1138,0.000
Arunachal Pradesh,2020-09-01,0,1666,0.000
Arunachal Pradesh,2020-10-01,0,1748,0.000
Arunachal Pradesh,2020-11-01,1,2075,0.048
Arunachal Pradesh,2020-12-01,0,1993,0.000
Arunachal Pradesh,2021-01-01,0,1929,0.000
Arunachal Pradesh,2021-02-01,0,2139,0.000
Arunachal Pradesh,2021-03-01,2,2509,0.080
Arunachal Pradesh,2021-04-01,0,2213,0.000
Arunachal Pradesh,2021-05-01,0,1058,0.000
Arunachal Pradesh,2021-06-01,0,1465,0.000
Arunachal Pradesh,2021-07-01,0,1877,0.000
Arunachal Pradesh,2021-08-01,0,2091,0.000
Arunachal Pradesh,2021-09-01,0,2100,0.000
Arunachal Pradesh,2021-10-01,0,1910,0.000
Arunachal Pradesh,2021-11-01,0,2072,0.000
Arunachal Pradesh,2021-12-01,0,1986,0.000
Arunachal Pradesh,2022-01-01,0,1891,0.000
Arunachal Pradesh,2022-02-01,0,1768,0.000
Arunachal Pradesh,2022-03-01,0,2089,0.000
Arunachal Pradesh,2022-04-01,0,2164,0.000
Arunachal Pradesh,2022-05-01,0,2543,0.000
Arunachal Pradesh,2022-06-01,0,2627,0.000
Arunachal Pradesh,2022-07-01,1,2445,0.041
Arunachal Pradesh,2022-08-01,0,2412,0.000
Arunachal Pradesh,2022-09-01,0,2238,0.000
Arunachal Pradesh,2022-10-01,0,1794,0.000
Arunachal Pradesh,2022-11-01,0,2462,0.000
Arunachal Pradesh,2022-12-01,1,1948,0.051
Arunachal Pradesh,2023-01-01,0,1871,0.000
Arunachal Pradesh,2023-02-01,0,1843,0.000
Arunachal Pradesh,2023-03-01,0,2501,0.000
Arunachal Pradesh,2023-04-01,1,2050,0.049
Arunachal Pradesh,2023-05-01,1,2636,0.038
Arunachal Pradesh,2023-06-01,0,2564,0.000
Arunachal Pradesh,2023-07-01,2,2713,0.074
Arunachal Pradesh,2023-08-01,4,2845,0.141
Arunachal Pradesh,2023-09-01,4,2681,0.149
Arunachal Pradesh,2023-10-01,2,2711,0.074
Arunachal Pradesh,2023-11-01,3,3019,0.099
Arunachal Pradesh,2023-12-01,4,2726,0.147
Arunachal Pradesh,2024-01-01,7,2492,0.281
Arunachal Pradesh,2024-02-01,4,2668,0.150
Arunachal Pradesh,2024-03-01,1,2755,0.036
Arunachal Pradesh,2024-04-01,2,3012,0.066
Arunachal Pradesh,2024-05-01,1,4737,0.021
Assam,2019-01-01,436,37825,1.153
Assam,2019-02-01,529,43789,1.208
Assam,2019-03-01,644,47377,1.359
Assam,2019-04-01,600,43792,1.370
Assam,2019-05-01,783,50030,1.565
Assam,2019-06-01,837,44588,1.877
Assam,2019-07-01,888,39150,2.268
Assam,2019-08-01,939,40351,2.327
Assam,2019-09-01,1089,42596,2.557
Assam,2019-10-01,994,51659,1.924
Assam,2019-11-01,1242,45828,2.710
Assam,2019-12-01,955,28475,3.354
Assam,2020-01-01,726,36474,1.990
Assam,2020-02-01,1188,42078,2.823
Assam,2020-03-01,815,49546,1.645
Assam,2020-04-01,10,3878,0.258
Assam,2020-05-01,129,11808,1.092
Assam,2020-06-01,545,26746,2.038
Assam,2020-07-01,598,23023,2.597
Assam,2020-08-01,644,29047,2.217
Assam,2020-09-01,582,39899,1.459
Assam,2020-10-01,1004,49509,2.028
Assam,2020-11-01,1003,46299,2.166
Assam,2020-12-01,1057,44881,2.355
Assam,2021-01-01,887,50395,1.760
Assam,2021-02-01,1078,44857,2.403
Assam,2021-03-01,1472,45785,3.215
Assam,2021-04-01,1084,40894,2.651
Assam,2021-05-01,406,19507,2.081
Assam,2021-06-01,377,27831,1.355
Assam,2021-07-01,942,30641,3.074
Assam,2021-08-01,1031,34732,2.968
Assam,2021-09-01,1485,34351,4.323
Assam,2021-10-01,1966,41920,4.690
Assam,2021-11-01,2026,39611,5.115
Assam,2021-12-01,2637,40098,6.576
Assam,2022-01-01,2070,34624,5.979
Assam,2022-02-01,2563,37407,6.852
Assam,2022-03-01,3461,44441,7.788
Assam,2022-04-01,3114,39412,7.901
Assam,2022-05-01,3276,41680,7.860
Assam,2022-06-01,3154,33646,9.374
Assam,2022-07-01,3156,39533,7.983
Assam,2022-08-01,3479,40304,8.632
Assam,2022-09-01,4259,47787,8.912
Assam,2022-10-01,3382,51174,6.609
Assam,2022-11-01,4295,47467,9.048
Assam,2022-12-01,4117,50781,8.107
Assam,2023-01-01,3450,55978,6.163
Assam,2023-02-01,4195,51776,8.102
Assam,2023-03-01,4985,58045,8.588
Assam,2023-04-01,3971,49000,8.104
Assam,2023-05-01,5774,51807,11.145
Assam,2023-06-01,5070,47162,10.750
Assam,2023-07-01,5254,47855,10.979
Assam,2023-08-01,5548,47802,11.606
Assam,2023-09-01,6478,50802,12.751
Assam,2023-10-01,6057,69667,8.694
Assam,2023-11-01,4582,58323,7.856
Assam,2023-12-01,4521,54639,8.274
Assam,2024-01-01,4740,62828,7.544
Assam,2024-02-01,4599,55170,8.336
Assam,2024-03-01,6841,60017,11.398
Assam,2024-04-01,4080,56630,7.205
Assam,2024-05-01,5619,54946,10.226
Bihar,2019-01-01,796,76762,1.037
Bihar,2019-02-01,1039,98207,1.058
Bihar,2019-03-01,881,118797,0.742
Bihar,2019-04-01,735,106616,0.689
Bihar,2019-05-01,593,129863,0.457
Bihar,2019-06-01,548,129242,0.424
Bihar,2019-07-01,1124,107268,1.048
Bihar,2019-08-01,947,90386,1.048
Bihar,2019-09-01,1581,95590,1.654
Bihar,2019-10-01,1372,96665,1.419
Bihar,2019-11-01,1618,136900,1.182
Bihar,2019-12-01,1623,95367,1.702
Bihar,2020-01-01,1278,88325,1.447
Bihar,2020-02-01,1494,110717,1.349
Bihar,2020-03-01,1661,171451,0.969
Bihar,2020-04-01,21,3738,0.562
Bihar,2020-05-01,48,10570,0.454
Bihar,2020-06-01,844,90946,0.928
Bihar,2020-07-01,661,59398,1.113
Bihar,2020-08-01,931,80999,1.149
Bihar,2020-09-01,1537,87009,1.766
Bihar,2020-10-01,1257,74465,1.688
Bihar,2020-11-01,1014,116387,0.871
Bihar,2020-12-01,1549,99473,1.557
Bihar,2021-01-01,1705,74716,2.282
Bihar,2021-02-01,1592,84364,1.887
Bihar,2021-03-01,2045,98739,2.071
Bihar,2021-04-01,997,94439,1.056
Bihar,2021-05-01,229,59669,0.384
Bihar,2021-06-01,749,113786,0.658
Bihar,2021-07-01,1825,85262,2.140
Bihar,2021-08-01,1897,69729,2.721
Bihar,2021-09-01,2344,60916,3.848
Bihar,2021-10-01,3173,65662,4.832
Bihar,2021-11-01,3075,123358,2.493
Bihar,2021-12-01,3453,79216,4.359
Bihar,2022-01-01,3030,67175,4.511
Bihar,2022-02-01,2768,74196,3.731
Bihar,2022-03-01,4735,104455,4.533
Bihar,2022-04-01,2808,97340,2.885
Bihar,2022-05-01,3308,129324,2.558
Bihar,2022-06-01,3898,96286,4.048
Bihar,2022-07-01,3982,79802,4.990
Bihar,2022-08-01,5479,82897,6.609
Bihar,2022-09-01,7064,76682,9.212
Bihar,2022-10-01,6193,110840,5.587
Bihar,2022-11-01,6111,132538,4.611
Bihar,2022-12-01,6377,78071,8.168
Bihar,2023-01-01,5022,82261,6.105
Bihar,2023-02-01,5864,96850,6.055
Bihar,2023-03-01,6502,112590,5.775
Bihar,2023-04-01,5227,101927,5.128
Bihar,2023-05-01,6672,145328,4.591
Bihar,2023-06-01,6140,111845,5.490
Bihar,2023-07-01,7609,90904,8.370
Bihar,2023-08-01,7808,78466,9.951
Bihar,2023-09-01,9393,88679,10.592
Bihar,2023-10-01,9727,90238,10.779
Bihar,2023-11-01,8953,176588,5.070
Bihar,2023-12-01,9301,112602,8.260
Bihar,2024-01-01,8377,93598,8.950
Bihar,2024-02-01,7714,104233,7.401
Bihar,2024-03-01,9564,125203,7.639
Bihar,2024-04-01,7249,144097,5.031
Bihar,2024-05-01,8776,116573,7.528
Chandigarh,2019-01-01,13,2032,0.640
Chandigarh,2019-02-01,10,5492,0.182
Chandigarh,2019-03-01,16,3075,0.520
Chandigarh,2019-04-01,16,4182,0.383
Chandigarh,2019-05-01,9,3549,0.254
Chandigarh,2019-06-01,162,3237,5.005
Chandigarh,2019-07-01,30,3726,0.805
Chandigarh,2019-08-01,118,4170,2.830
Chandigarh,2019-09-01,25,2027,1.233
Chandigarh,2019-10-01,32,7412,0.432
Chandigarh,2019-11-01,30,3168,0.947
Chandigarh,2019-12-01,45,4094,1.099
Chandigarh,2020-01-01,33,3380,0.976
Chandigarh,2020-02-01,23,3587,0.641
Chandigarh,2020-03-01,7,3366,0.208
Chandigarh,2020-04-01,23,257,8.949
Chandigarh,2020-05-01,0,731,0.000
Chandigarh,2020-06-01,15,1915,0.783
Chandigarh,2020-07-01,17,2294,0.741
Chandigarh,2020-08-01,58,2344,2.474
Chandigarh,2020-09-01,83,2242,3.702
Chandigarh,2020-10-01,40,3429,1.167
Chandigarh,2020-11-01,38,3938,0.965
Chandigarh,2020-12-01,32,3193,1.002
Chandigarh,2021-01-01,26,3190,0.815
Chandigarh,2021-02-01,20,3274,0.611
Chandigarh,2021-03-01,56,4137,1.354
Chandigarh,2021-04-01,42,2759,1.522
Chandigarh,2021-05-01,7,946,0.740
Chandigarh,2021-06-01,34,3450,0.986
Chandigarh,2021-07-01,58,3339,1.737
Chandigarh,2021-08-01,58,3317,1.749
Chandigarh,2021-09-01,72,2886,2.495
Chandigarh,2021-10-01,109,3802,2.867
Chandigarh,2021-11-01,144,4167,3.456
Chandigarh,2021-12-01,109,3381,3.224
Chandigarh,2022-01-01,72,2935,2.453
Chandigarh,2022-02-01,102,3286,3.104
Chandigarh,2022-03-01,175,4371,4.004
Chandigarh,2022-04-01,123,4204,2.926
Chandigarh,2022-05-01,166,4349,3.817
Chandigarh,2022-06-01,223,4061,5.491
Chandigarh,2022-07-01,235,5057,4.647
Chandigarh,2022-08-01,240,4050,5.926
Chandigarh,2022-09-01,232,4309,5.384
Chandigarh,2022-10-01,352,5869,5.998
Chandigarh,2022-11-01,415,4360,9.518
Chandigarh,2022-12-01,385,4062,9.478
Chandigarh,2023-01-01,459,4795,9.572
Chandigarh,2023-02-01,406,3251,12.488
Chandigarh,2023-03-01,667,3560,18.736
Chandigarh,2023-04-01,352,4848,7.261
Chandigarh,2023-05-01,530,5326,9.951
Chandigarh,2023-06-01,459,5771,7.954
Chandigarh,2023-07-01,470,4664,10.077
Chandigarh,2023-08-01,527,4353,12.107
Chandigarh,2023-09-01,579,4035,14.349
Chandigarh,2023-10-01,605,4364,13.863
Chandigarh,2023-11-01,680,4929,13.796
Chandigarh,2023-12-01,673,3326,20.235
Chandigarh,2024-01-01,573,3711,15.441
Chandigarh,2024-02-01,473,3299,14.338
Chandigarh,2024-03-01,626,3411,18.352
Chandigarh,2024-04-01,356,3512,10.137
Chandigarh,2024-05-01,448,3725,12.027
Chhattisgarh,2019-01-01,252,61198,0.412
Chhattisgarh,2019-02-01,330,60543,0.545
Chhattisgarh,2019-03-01,446,63580,0.701
Chhattisgarh,2019-04-01,227,54590,0.416
Chhattisgarh,2019-05-01,149,53601,0.278
Chhattisgarh,2019-06-01,128,46693,0.274
Chhattisgarh,2019-07-01,179,54216,0.330
Chhattisgarh,2019-08-01,171,41959,0.408
Chhattisgarh,2019-09-01,200,36812,0.543
Chhattisgarh,2019-10-01,210,68039,0.309
Chhattisgarh,2019-11-01,241,83803,0.288
Chhattisgarh,2019-12-01,218,44310,0.492
Chhattisgarh,2020-01-01,216,49599,0.435
Chhattisgarh,2020-02-01,176,56943,0.309
Chhattisgarh,2020-03-01,164,62784,0.261
Chhattisgarh,2020-04-01,4,1313,0.305
Chhattisgarh,2020-05-01,20,9980,0.200
Chhattisgarh,2020-06-01,137,33516,0.409
Chhattisgarh,2020-07-01,98,34309,0.286
Chhattisgarh,2020-08-01,68,33302,0.204
Chhattisgarh,2020-09-01,111,28889,0.384
Chhattisgarh,2020-10-01,122,44845,0.272
Chhattisgarh,2020-11-01,232,80155,0.289
Chhattisgarh,2020-12-01,141,46181,0.305
Chhattisgarh,2021-01-01,166,41144,0.403
Chhattisgarh,2021-02-01,237,45131,0.525
Chhattisgarh,2021-03-01,349,47024,0.742
Chhattisgarh,2021-04-01,71,13450,0.528
Chhattisgarh,2021-05-01,18,7561,0.238
Chhattisgarh,2021-06-01,228,40121,0.568
Chhattisgarh,2021-07-01,388,40693,0.953
Chhattisgarh,2021-08-01,385,36401,1.058
Chhattisgarh,2021-09-01,431,32849,1.312
Chhattisgarh,2021-10-01,485,44727,1.084
Chhattisgarh,2021-11-01,705,73528,0.959
Chhattisgarh,2021-12-01,753,33265,2.264
Chhattisgarh,2022-01-01,885,41889,2.113
Chhattisgarh,2022-02-01,876,37458,2.339
Chhattisgarh,2022-03-01,1305,41178,3.169
Chhattisgarh,2022-04-01,1776,41146,4.316
Chhattisgarh,2022-05-01,1197,37906,3.158
Chhattisgarh,2022-06-01,1508,38180,3.950
Chhattisgarh,2022-07-01,1829,36863,4.962
Chhattisgarh,2022-08-01,1860,31846,5.841
Chhattisgarh,2022-09-01,1767,32370,5.459
Chhattisgarh,2022-10-01,3211,71496,4.491
Chhattisgarh,2022-11-01,3526,53942,6.537
Chhattisgarh,2022-12-01,2625,36941,7.106
Chhattisgarh,2023-01-01,2644,46477,5.689
Chhattisgarh,2023-02-01,2630,41750,6.299
Chhattisgarh,2023-03-01,3139,45549,6.891
Chhattisgarh,2023-04-01,2418,39988,6.047
Chhattisgarh,2023-05-01,3575,39456,9.061
Chhattisgarh,2023-06-01,2348,42074,5.581
Chhattisgarh,2023-07-01,2789,40147,6.947
Chhattisgarh,2023-08-01,3337,39326,8.485
Chhattisgarh,2023-09-01,3349,41993,7.975
Chhattisgarh,2023-10-01,3479,52062,6.682
Chhattisgarh,2023-11-01,5470,91710,5.964
Chhattisgarh,2023-12-01,3053,43809,6.969
Chhattisgarh,2024-01-01,3674,57399,6.401
Chhattisgarh,2024-02-01,3487,53552,6.511
Chhattisgarh,2024-03-01,5119,59405,8.617
Chhattisgarh,2024-04-01,2901,58319,4.974
Chhattisgarh,2024-05-01,3064,55664,5.504
Dadra and Nagar Haveli and Daman and Diu,2019-01-01,3,1608,0.187
Dadra and Nagar Haveli and Daman and Diu,2019-02-01,1,1906,0.052
Dadra and Nagar Haveli and Daman and Diu,2019-03-01,0,1503,0.000
Dadra and Nagar Haveli and Daman and Diu,2019-04-01,3,1421,0.211
Dadra and Nagar Haveli and Daman and Diu,2019-05-01,1,1354,0.074
Dadra and Nagar Haveli and Daman and Diu,2019-06-01,1,1338,0.075
Dadra and Nagar Haveli and Daman and Diu,2019-07-01,0,1613,0.000
Dadra and Nagar Haveli and Daman and Diu,2019-08-01,0,1049,0.000
Dadra and Nagar Haveli and Daman and Diu,2019-09-01,0,1223,0.000
Dadra and Nagar Haveli and Daman and Diu,2019-10-01,6,1681,0.357
Dadra and Nagar Haveli and Daman and Diu,2019-11-01,1,1969,0.051
Dadra and Nagar Haveli and Daman and Diu,2019-12-01,3,1438,0.209
Dadra and Nagar Haveli and Daman and Diu,2020-01-01,5,1856,0.269
Dadra and Nagar Haveli and Daman and Diu,2020-02-01,0,362,0.000
Dadra and Nagar Haveli and Daman and Diu,2020-03-01,4,2688,0.149
Dadra and Nagar Haveli and Daman and Diu,2020-04-01,0,754,0.000
Dadra and Nagar Haveli and Daman and Diu,2020-05-01,2,50,4.000
Dadra and Nagar Haveli and Daman and Diu,2020-06-01,2,271,0.738
Dadra and Nagar Haveli and Daman and Diu,2020-07-01,1,669,0.149
Dadra and Nagar Haveli and Daman and Diu,2020-08-01,0,1160,0.000
Dadra and Nagar Haveli and Daman and Diu,2020-09-01,1,1146,0.087
Dadra and Nagar Haveli and Daman and Diu,2020-10-01,0,1180,0.000
Dadra and Nagar Haveli and Daman and Diu,2020-11-01,2,1541,0.130
Dadra and Nagar Haveli and Daman and Diu,2020-12-01,7,1505,0.465
Dadra and Nagar Haveli and Daman and Diu,2021-01-01,1,2161,0.046
Dadra and Nagar Haveli and Daman and Diu,2021-02-01,3,1638,0.183
Dadra and Nagar Haveli and Daman and Diu,2021-03-01,2,1491,0.134
Dadra and Nagar Haveli and Daman and Diu,2021-04-01,1,1207,0.083
Dadra and Nagar Haveli and Daman and Diu,2021-05-01,0,752,0.000
Dadra and Nagar Haveli and Daman and Diu,2021-06-01,3,964,0.311
Dadra and Nagar Haveli and Daman and Diu,2021-07-01,8,1119,0.715
Dadra and Nagar Haveli and Daman and Diu,2021-08-01,2,1131,0.177
Dadra and Nagar Haveli and Daman and Diu,2021-09-01,1,1330,0.075
Dadra and Nagar Haveli and Daman and Diu,2021-10-01,2,1296,0.154
Dadra and Nagar Haveli and Daman and Diu,2021-11-01,1,1707,0.059
Dadra and Nagar Haveli and Daman and Diu,2021-12-01,5,1762,0.284
Dadra and Nagar Haveli and Daman and Diu,2022-01-01,6,1758,0.341
Dadra and Nagar Haveli and Daman and Diu,2022-02-01,6,1619,0.371
Dadra and Nagar Haveli and Daman and Diu,2022-03-01,7,1489,0.470
Dadra and Nagar Haveli and Daman and Diu,2022-04-01,8,1624,0.493
Dadra and Nagar Haveli and Daman and Diu,2022-05-01,18,1417,1.270
Dadra and Nagar Haveli and Daman and Diu,2022-06-01,10,1426,0.701
Dadra and Nagar Haveli and Daman and Diu,2022-07-01,9,1357,0.663
Dadra and Nagar Haveli and Daman and Diu,2022-08-01,14,1359,1.030
Dadra and Nagar Haveli and Daman and Diu,2022-09-01,15,1366,1.098
Dadra and Nagar Haveli and Daman and Diu,2022-10-01,9,1529,0.589
Dadra and Nagar Haveli and Daman and Diu,2022-11-01,17,2223,0.765
Dadra and Nagar Haveli and Daman and Diu,2022-12-01,22,1822,1.207
Dadra and Nagar Haveli and Daman and Diu,2023-01-01,11,1568,0.702
Dadra and Nagar Haveli and Daman and Diu,2023-02-01,19,1668,1.139
Dadra and Nagar Haveli and Daman and Diu,2023-03-01,10,1904,0.525
Dadra and Nagar Haveli and Daman and Diu,2023-04-01,8,1481,0.540
Dadra and Nagar Haveli and Daman and Diu,2023-05-01,12,1615,0.743
Dadra and Nagar Haveli and Daman and Diu,2023-06-01,6,1546,0.388
Dadra and Nagar Haveli and Daman and Diu,2023-07-01,9,1746,0.515
Dadra and Nagar Haveli and Daman and Diu,2023-08-01,10,1474,0.678
Dadra and Nagar Haveli and Daman and Diu,2023-09-01,21,1804,1.164
Dadra and Nagar Haveli and Daman and Diu,2023-10-01,17,2591,0.656
Dadra and Nagar Haveli and Daman and Diu,2023-11-01,18,2439,0.738
Dadra and Nagar Haveli and Daman and Diu,2023-12-01,20,2601,0.769
Dadra and Nagar Haveli and Daman and Diu,2024-01-01,35,2293,1.526
Dadra and Nagar Haveli and Daman and Diu,2024-02-01,30,2286,1.312
Dadra and Nagar Haveli and Daman and Diu,2024-03-01,32,1703,1.879
Dadra and Nagar Haveli and Daman and Diu,2024-04-01,27,2037,1.325
Dadra and Nagar Haveli and Daman and Diu,2024-05-01,26,1779,1.461
Delhi,2019-01-01,1918,61897,3.099
Delhi,2019-02-01,1525,49387,3.088
Delhi,2019-03-01,1910,52936,3.608
Delhi,2019-04-01,1545,57251,2.699
Delhi,2019-05-01,1456,55047,2.645
Delhi,2019-06-01,1478,48518,3.046
Delhi,2019-07-01,1671,50884,3.284
Delhi,2019-08-01,1979,49029,4.036
Delhi,2019-09-01,2230,42913,5.197
Delhi,2019-10-01,2471,72277,3.419
Delhi,2019-11-01,2762,62241,4.438
Delhi,2019-12-01,2277,38746,5.877
Delhi,2020-01-01,2329,49249,4.729
Delhi,2020-02-01,1903,40523,4.696
Delhi,2020-03-01,1215,31943,3.804
Delhi,2020-04-01,7,1925,0.364
Delhi,2020-05-01,117,8014,1.460
Delhi,2020-06-01,499,29078,1.716
Delhi,2020-07-01,599,33008,1.815
Delhi,2020-08-01,684,33652,2.033
Delhi,2020-09-01,606,27699,2.188
Delhi,2020-10-01,952,39470,2.412
Delhi,2020-11-01,1448,53898,2.687
Delhi,2020-12-01,1341,34293,3.910
Delhi,2021-01-01,1445,48960,2.951
Delhi,2021-02-01,1599,44570,3.588
Delhi,2021-03-01,2202,51957,4.238
Delhi,2021-04-01,1121,24653,4.547
Delhi,2021-05-01,2,59,3.390
Delhi,2021-06-01,943,37153,2.538
Delhi,2021-07-01,2408,43829,5.494
Delhi,2021-08-01,2608,42684,6.110
Delhi,2021-09-01,2879,31415,9.164
Delhi,2021-10-01,3287,43537,7.550
Delhi,2021-11-01,3528,54119,6.519
Delhi,2021-12-01,3791,36117,10.496
Delhi,2022-01-01,3408,42443,8.030
Delhi,2022-02-01,4548,42708,10.649
Delhi,2022-03-01,5994,47881,12.519
Delhi,2022-04-01,3962,51762,7.654
Delhi,2022-05-01,3508,47411,7.399
Delhi,2022-06-01,4459,46511,9.587
Delhi,2022-07-01,5596,51792,10.805
Delhi,2022-08-01,4591,52023,8.825
Delhi,2022-09-01,4814,44762,10.755
Delhi,2022-10-01,8154,76259,10.693
Delhi,2022-11-01,6156,62579,9.837
Delhi,2022-12-01,7066,42329,16.693
Delhi,2023-01-01,5572,59537,9.359
Delhi,2023-02-01,5267,48786,10.796
Delhi,2023-03-01,7969,54345,14.664
Delhi,2023-04-01,5184,48031,10.793
Delhi,2023-05-01,7632,53037,14.390
Delhi,2023-06-01,4907,48361,10.147
Delhi,2023-07-01,4917,51048,9.632
Delhi,2023-08-01,4940,54122,9.128
Delhi,2023-09-01,4840,52472,9.224
Delhi,2023-10-01,6029,58432,10.318
Delhi,2023-11-01,6919,80847,8.558
Delhi,2023-12-01,9481,48918,19.381
Delhi,2024-01-01,7601,67201,11.311
Delhi,2024-02-01,5641,52898,10.664
Delhi,2024-03-01,10861,54724,19.847
Delhi,2024-04-01,5331,57705,9.238
Delhi,2024-05-01,5730,53931,10.625
Goa,2019-01-01,3,7214,0.042
Goa,2019-02-01,2,5561,0.036
Goa,2019-03-01,4,5200,0.077
Goa,2019-04-01,0,6135,0.000
Goa,2019-05-01,4,5378,0.074
Goa,2019-06-01,0,3988,0.000
Goa,2019-07-01,6,4041,0.148
Goa,2019-08-01,3,6621,0.045
Goa,2019-09-01,2,4353,0.046
Goa,2019-10-01,2,8676,0.023
Goa,2019-11-01,10,7219,0.139
Goa,2019-12-01,5,9922,0.050
Goa,2020-01-01,2,4563,0.044
Goa,2020-02-01,3,4946,0.061
Goa,2020-03-01,2,4113,0.049
Goa,2020-04-01,0,346,0.000
Goa,2020-05-01,2,2395,0.084
Goa,2020-06-01,3,2126,0.141
Goa,2020-07-01,1,2224,0.045
Goa,2020-08-01,4,3778,0.106
Goa,2020-09-01,7,3120,0.224
Goa,2020-10-01,19,5113,0.372
Goa,2020-11-01,24,5771,0.416
Goa,2020-12-01,15,3945,0.380
Goa,2021-01-01,34,5209,0.653
Goa,2021-02-01,47,5012,0.938
Goa,2021-03-01,85,5251,1.619
Goa,2021-04-01,56,5021,1.115
Goa,2021-05-01,35,954,3.669
Goa,2021-06-01,43,2479,1.735
Goa,2021-07-01,78,2905,2.685
Goa,2021-08-01,45,3973,1.133
Goa,2021-09-01,117,4546,2.574
Goa,2021-10-01,201,5307,3.787
Goa,2021-11-01,203,5612,3.617
Goa,2021-12-01,177,4963,3.566
Goa,2022-01-01,220,4444,4.950
Goa,2022-02-01,329,4582,7.180
Goa,2022-03-01,329,6098,5.395
Goa,2022-04-01,422,5427,7.776
Goa,2022-05-01,496,4897,10.129
Goa,2022-06-01,438,4619,9.483
Goa,2022-07-01,679,4594,14.780
Goa,2022-08-01,348,7073,4.920
Goa,2022-09-01,446,5913,7.543
Goa,2022-10-01,735,8680,8.468
Goa,2022-11-01,623,7291,8.545
Goa,2022-12-01,561,6884,8.149
Goa,2023-01-01,710,6696,10.603
Goa,2023-02-01,719,5960,12.064
Goa,2023-03-01,955,7828,12.200
Goa,2023-04-01,756,5502,13.740
Goa,2023-05-01,991,6104,16.235
Goa,2023-06-01,616,5457,11.288
Goa,2023-07-01,653,4934,13.235
Goa,2023-08-01,809,6609,12.241
Goa,2023-09-01,632,8758,7.216
Goa,2023-10-01,660,7887,8.368
Goa,2023-11-01,1097,9130,12.015
Goa,2023-12-01,885,6457,13.706
Goa,2024-01-01,932,7837,11.892
Goa,2024-02-01,1097,6912,15.871
Goa,2024-03-01,1922,7145,26.900
Goa,2024-04-01,995,7264,13.698
Goa,2024-05-01,890,5834,15.255
Gujarat,2019-01-01,61,130480,0.047
Gujarat,2019-02-01,87,122124,0.071
Gujarat,2019-03-01,164,126970,0.129
Gujarat,2019-04-01,112,132233,0.085
Gujarat,2019-05-01,59,130065,0.045
Gujarat,2019-06-01,85,110658,0.077
Gujarat,2019-07-01,56,140432,0.040
Gujarat,2019-08-01,45,127485,0.035
Gujarat,2019-09-01,46,98698,0.047
Gujarat,2019-10-01,72,192267,0.037
Gujarat,2019-11-01,72,182467,0.039
Gujarat,2019-12-01,84,130916,0.064
Gujarat,2020-01-01,93,123409,0.075
Gujarat,2020-02-01,53,121539,0.044
Gujarat,2020-03-01,116,155901,0.074
Gujarat,2020-04-01,6,12095,0.050
Gujarat,2020-05-01,0,5829,0.000
Gujarat,2020-06-01,103,62297,0.165
Gujarat,2020-07-01,76,84133,0.090
Gujarat,2020-08-01,192,89852,0.214
Gujarat,2020-09-01,80,70030,0.114
Gujarat,2020-10-01,112,118367,0.095
Gujarat,2020-11-01,149,154854,0.096
Gujarat,2020-12-01,142,125473,0.113
Gujarat,2021-01-01,178,106037,0.168
Gujarat,2021-02-01,286,108539,0.263
Gujarat,2021-03-01,360,106123,0.339
Gujarat,2021-04-01,201,74073,0.271
Gujarat,2021-05-01,212,54644,0.388
Gujarat,2021-06-01,316,87682,0.360
Gujarat,2021-07-01,473,117326,0.403
Gujarat,2021-08-01,760,97288,0.781
Gujarat,2021-09-01,1168,108406,1.077
Gujarat,2021-10-01,1671,121262,1.378
Gujarat,2021-11-01,1754,144962,1.210
Gujarat,2021-12-01,2385,129599,1.840
Gujarat,2022-01-01,2383,91051,2.617
Gujarat,2022-02-01,2838,103462,2.743
Gujarat,2022-03-01,4877,118780,4.106
Gujarat,2022-04-01,6970,127847,5.452
Gujarat,2022-05-01,4670,101968,4.580
Gujarat,2022-06-01,5765,121029,4.763
Gujarat,2022-07-01,6055,121176,4.997
Gujarat,2022-08-01,5567,110564,5.035
Gujarat,2022-09-01,5774,122206,4.725
Gujarat,2022-10-01,6933,173626,3.993
Gujarat,2022-11-01,8809,225235,3.911
Gujarat,2022-12-01,8356,151142,5.529
Gujarat,2023-01-01,6386,113832,5.610
Gujarat,2023-02-01,7154,131566,5.438
Gujarat,2023-03-01,8683,135804,6.394
Gujarat,2023-04-01,9139,133091,6.867
Gujarat,2023-05-01,10565,126605,8.345
Gujarat,2023-06-01,4984,123640,4.031
Gujarat,2023-07-01,6298,164261,3.834
Gujarat,2023-08-01,6630,142075,4.667
Gujarat,2023-09-01,8175,189155,4.322
Gujarat,2023-10-01,9352,221182,4.228
Gujarat,2023-11-01,6286,207670,3.027
Gujarat,2023-12-01,4968,132110,3.761
Gujarat,2024-01-01,6288,156598,4.015
Gujarat,2024-02-01,5947,138523,4.293
Gujarat,2024-03-01,9821,139247,7.053
Gujarat,2024-04-01,4643,141982,3.270
Gujarat,2024-05-01,5773,136611,4.226
Haryana,2019-01-01,486,81684,0.595
Haryana,2019-02-01,416,57909,0.718
Haryana,2019-03-01,637,68407,0.931
Haryana,2019-04-01,556,76335,0.728
Haryana,2019-05-01,300,62803,0.478
Haryana,2019-06-01,235,61601,0.381
Haryana,2019-07-01,335,73558,0.455
Haryana,2019-08-01,379,69635,0.544
Haryana,2019-09-01,484,62799,0.771
Haryana,2019-10-01,383,62840,0.609
Haryana,2019-11-01,485,109339,0.444
Haryana,2019-12-01,412,70587,0.584
Haryana,2020-01-01,370,70555,0.524
Haryana,2020-02-01,433,64005,0.677
Haryana,2020-03-01,304,66814,0.455
Haryana,2020-04-01,48,29785,0.161
Haryana,2020-05-01,20,4164,0.480
Haryana,2020-06-01,135,32051,0.421
Haryana,2020-07-01,199,54860,0.363
Haryana,2020-08-01,285,46996,0.606
Haryana,2020-09-01,293,47689,0.614
Haryana,2020-10-01,228,47322,0.482
Haryana,2020-11-01,228,63843,0.357
Haryana,2020-12-01,438,79297,0.552
Haryana,2021-01-01,254,58030,0.438
Haryana,2021-02-01,374,52038,0.719
Haryana,2021-03-01,523,61970,0.844
Haryana,2021-04-01,490,55120,0.889
Haryana,2021-05-01,57,13973,0.408
Haryana,2021-06-01,352,53207,0.662
Haryana,2021-07-01,423,46207,0.915
Haryana,2021-08-01,860,54366,1.582
Haryana,2021-09-01,1263,56773,2.225
Haryana,2021-10-01,1172,46875,2.500
Haryana,2021-11-01,1479,68078,2.173
Haryana,2021-12-01,1396,66081,2.113
Haryana,2022-01-01,1288,55645,2.315
Haryana,2022-02-01,1256,50814,2.472
Haryana,2022-03-01,1781,59871,2.975
Haryana,2022-04-01,1969,58204,3.383
Haryana,2022-05-01,2276,61386,3.708
Haryana,2022-06-01,2192,58040,3.777
Haryana,2022-07-01,2037,58253,3.497
Haryana,2022-08-01,2388,61950,3.855
Haryana,2022-09-01,2247,49748,4.517
Haryana,2022-10-01,2740,69992,3.915
Haryana,2022-11-01,3042,90552,3.359
Haryana,2022-12-01,2577,66371,3.883
Haryana,2023-01-01,2212,66137,3.345
Haryana,2023-02-01,2316,63143,3.668
Haryana,2023-03-01,2643,67572,3.911
Haryana,2023-04-01,2643,69208,3.819
Haryana,2023-05-01,3068,68831,4.457
Haryana,2023-06-01,2457,68507,3.586
Haryana,2023-07-01,2178,37118,5.868
Haryana,2023-08-01,2473,74026,3.341
Haryana,2023-09-01,2065,79095,2.611
Haryana,2023-10-01,2715,68866,3.942
Haryana,2023-11-01,2402,75062,3.200
Haryana,2023-12-01,3278,96287,3.404
Haryana,2024-01-01,3584,84531,4.240
Haryana,2024-02-01,3025,74718,4.049
Haryana,2024-03-01,3575,78526,4.553
Haryana,2024-04-01,2624,72654,3.612
Haryana,2024-05-01,2980,69641,4.279
Himachal Pradesh,2019-01-01,2,11429,0.017
Himachal Pradesh,2019-02-01,0,8726,0.000
Himachal Pradesh,2019-03-01,0,9381,0.000
Himachal Pradesh,2019-04-01,14,10455,0.134
Himachal Pradesh,2019-05-01,16,10991,0.146
Himachal Pradesh,2019-06-01,0,10163,0.000
Himachal Pradesh,2019-07-01,1,11824,0.008
Himachal Pradesh,2019-08-01,0,12214,0.000
Himachal Pradesh,2019-09-01,0,8963,0.000
Himachal Pradesh,2019-10-01,0,12080,0.000
Himachal Pradesh,2019-11-01,22,17554,0.125
Himachal Pradesh,2019-12-01,0,13888,0.000
Himachal Pradesh,2020-01-01,0,10986,0.000
Himachal Pradesh,2020-02-01,65,10244,0.635
Himachal Pradesh,2020-03-01,43,13394,0.321
Himachal Pradesh,2020-04-01,0,3715,0.000
Himachal Pradesh,2020-05-01,0,886,0.000
Himachal Pradesh,2020-06-01,8,7096,0.113
Himachal Pradesh,2020-07-01,6,13852,0.043
Himachal Pradesh,2020-08-01,6,12687,0.047
Himachal Pradesh,2020-09-01,21,12738,0.165
Himachal Pradesh,2020-10-01,6,13214,0.045
Himachal Pradesh,2020-11-01,22,18292,0.120
Himachal Pradesh,2020-12-01,4,15682,0.026
Himachal Pradesh,2021-01-01,7,10815,0.065
Himachal Pradesh,2021-02-01,4,7943,0.050
Himachal Pradesh,2021-03-01,16,10245,0.156
Himachal Pradesh,2021-04-01,10,8921,0.112
Himachal Pradesh,2021-05-01,5,3583,0.140
Himachal Pradesh,2021-06-01,27,9268,0.291
Himachal Pradesh,2021-07-01,22,12177,0.181
Himachal Pradesh,2021-08-01,33,10516,0.314
Himachal Pradesh,2021-09-01,35,9502,0.368
Himachal Pradesh,2021-10-01,31,8732,0.355
Himachal Pradesh,2021-11-01,61,12887,0.473
Himachal Pradesh,2021-12-01,76,11032,0.689
Himachal Pradesh,2022-01-01,26,7380,0.352
Himachal Pradesh,2022-02-01,63,8715,0.723
Himachal Pradesh,2022-03-01,65,8146,0.798
Himachal Pradesh,2022-04-01,107,8997,1.189
Himachal Pradesh,2022-05-01,77,10065,0.765
Himachal Pradesh,2022-06-01,103,10138,1.016
Himachal Pradesh,2022-07-01,96,10584,0.907
Himachal Pradesh,2022-08-01,64,10013,0.639
Himachal Pradesh,2022-09-01,73,8095,0.902
Himachal Pradesh,2022-10-01,82,10130,0.809
Himachal Pradesh,2022-11-01,135,15474,0.872
Himachal Pradesh,2022-12-01,106,11914,0.890
Himachal Pradesh,2023-01-01,83,9685,0.857
Himachal Pradesh,2023-02-01,86,9870,0.871
Himachal Pradesh,2023-03-01,99,9400,1.053
Himachal Pradesh,2023-04-01,112,10099,1.109
Himachal Pradesh,2023-05-01,144,10191,1.413
Himachal Pradesh,2023-06-01,76,10231,0.743
Himachal Pradesh,2023-07-01,74,10664,0.694
Himachal Pradesh,2023-08-01,77,10575,0.728
Himachal Pradesh,2023-09-01,73,10355,0.705
Himachal Pradesh,2023-10-01,53,8682,0.610
Himachal Pradesh,2023-11-01,69,11468,0.602
Himachal Pradesh,2023-12-01,121,16889,0.716
Himachal Pradesh,2024-01-01,97,12302,0.788
Himachal Pradesh,2024-02-01,85,10947,0.776
Himachal Pradesh,2024-03-01,131,10228,1.281
Himachal Pradesh,2024-04-01,102,10969,0.930
Himachal Pradesh,2024-05-01,138,12522,1.102
Jammu and Kashmir,2019-01-01,0,14302,0.000
Jammu and Kashmir,2019-02-01,2,9144,0.022
Jammu and Kashmir,2019-03-01,18,12610,0.143
Jammu and Kashmir,2019-04-01,7,12773,0.055
Jammu and Kashmir,2019-05-01,14,19195,0.073
Jammu and Kashmir,2019-06-01,11,15557,0.071
Jammu and Kashmir,2019-07-01,24,19362,0.124
Jammu and Kashmir,2019-08-01,0,6849,0.000
Jammu and Kashmir,2019-09-01,0,7983,0.000
Jammu and Kashmir,2019-10-01,0,8488,0.000
Jammu and Kashmir,2019-11-01,0,7674,0.000
Jammu and Kashmir,2019-12-01,0,10359,0.000
Jammu and Kashmir,2020-01-01,1,15460,0.006
Jammu and Kashmir,2020-02-01,0,21203,0.000
Jammu and Kashmir,2020-03-01,9,33176,0.027
Jammu and Kashmir,2020-04-01,5,9747,0.051
Jammu and Kashmir,2020-05-01,0,101,0.000
Jammu and Kashmir,2020-06-01,1,1924,0.052
Jammu and Kashmir,2020-07-01,5,8895,0.056
Jammu and Kashmir,2020-08-01,9,24674,0.036
Jammu and Kashmir,2020-09-01,6,21692,0.028
Jammu and Kashmir,2020-10-01,7,18650,0.038
Jammu and Kashmir,2020-11-01,18,15819,0.114
Jammu and Kashmir,2020-12-01,13,12942,0.100
Jammu and Kashmir,2021-01-01,12,10165,0.118
Jammu and Kashmir,2021-02-01,0,11061,0.000
Jammu and Kashmir,2021-03-01,104,14095,0.738
Jammu and Kashmir,2021-04-01,22,14059,0.156
Jammu and Kashmir,2021-05-01,50,4963,1.007
Jammu and Kashmir,2021-06-01,88,14707,0.598
Jammu and Kashmir,2021-07-01,204,17273,1.181
Jammu and Kashmir,2021-08-01,122,17269,0.706
Jammu and Kashmir,2021-09-01,158,12991,1.216
Jammu and Kashmir,2021-10-01,201,14486,1.388
Jammu and Kashmir,2021-11-01,64,14660,0.437
Jammu and Kashmir,2021-12-01,121,11428,1.059
Jammu and Kashmir,2022-01-01,88,9167,0.960
Jammu and Kashmir,2022-02-01,164,11395,1.439
Jammu and Kashmir,2022-03-01,272,12960,2.099
Jammu and Kashmir,2022-04-01,200,14997,1.334
Jammu and Kashmir,2022-05-01,245,16350,1.498
Jammu and Kashmir,2022-06-01,309,14361,2.152
Jammu and Kashmir,2022-07-01,647,15977,4.050
Jammu and Kashmir,2022-08-01,517,15968,3.238
Jammu and Kashmir,2022-09-01,597,14691,4.064
Jammu and Kashmir,2022-10-01,579,15411,3.757
Jammu and Kashmir,2022-11-01,533,10496,5.078
Jammu and Kashmir,2022-12-01,539,11092,4.859
Jammu and Kashmir,2023-01-01,357,9995,3.572
Jammu and Kashmir,2023-02-01,510,11304,4.512
Jammu and Kashmir,2023-03-01,609,15868,3.838
Jammu and Kashmir,2023-04-01,565,12314,4.588
Jammu and Kashmir,2023-05-01,899,16663,5.395
Jammu and Kashmir,2023-06-01,845,15270,5.534
Jammu and Kashmir,2023-07-01,885,16889,5.240
Jammu and Kashmir,2023-08-01,959,16989,5.645
Jammu and Kashmir,2023-09-01,946,15422,6.134
Jammu and Kashmir,2023-10-01,1042,13866,7.515
Jammu and Kashmir,2023-11-01,1149,16367,7.020
Jammu and Kashmir,2023-12-01,984,10666,9.226
Jammu and Kashmir,2024-01-01,1040,12527,8.302
Jammu and Kashmir,2024-02-01,1092,11922,9.160
Jammu and Kashmir,2024-03-01,1252,14417,8.684
Jammu and Kashmir,2024-04-01,764,16072,4.754
Jammu and Kashmir,2024-05-01,798,14486,5.509
Jharkhand,2019-01-01,181,52110,0.347
Jharkhand,2019-02-01,116,37383,0.310
Jharkhand,2019-03-01,65,41161,0.158
Jharkhand,2019-04-01,131,45249,0.290
Jharkhand,2019-05-01,76,52983,0.143
Jharkhand,2019-06-01,114,45279,0.252
Jharkhand,2019-07-01,141,43769,0.322
Jharkhand,2019-08-01,110,37472,0.294
Jharkhand,2019-09-01,243,37733,0.644
Jharkhand,2019-10-01,165,43254,0.381
Jharkhand,2019-11-01,202,57428,0.352
Jharkhand,2019-12-01,224,45426,0.493
Jharkhand,2020-01-01,177,41005,0.432
Jharkhand,2020-02-01,201,49661,0.405
Jharkhand,2020-03-01,236,77056,0.306
Jharkhand,2020-04-01,24,4515,0.532
Jharkhand,2020-05-01,2,897,0.223
Jharkhand,2020-06-01,59,34832,0.169
Jharkhand,2020-07-01,207,40212,0.515
Jharkhand,2020-08-01,80,36648,0.218
Jharkhand,2020-09-01,128,42166,0.304
Jharkhand,2020-10-01,98,41276,0.237
Jharkhand,2020-11-01,157,67412,0.233
Jharkhand,2020-12-01,147,47330,0.311
Jharkhand,2021-01-01,167,38738,0.431
Jharkhand,2021-02-01,158,40033,0.395
Jharkhand,2021-03-01,311,61452,0.506
Jharkhand,2021-04-01,166,32213,0.515
Jharkhand,2021-05-01,73,24795,0.294
Jharkhand,2021-06-01,150,40076,0.374
Jharkhand,2021-07-01,251,37469,0.670
Jharkhand,2021-08-01,290,34666,0.837
Jharkhand,2021-09-01,407,31520,1.291
Jharkhand,2021-10-01,485,36367,1.334
Jharkhand,2021-11-01,631,59632,1.058
Jharkhand,2021-12-01,652,33552,1.943
Jharkhand,2022-01-01,592,31602,1.873
Jharkhand,2022-02-01,628,34361,1.828
Jharkhand,2022-03-01,954,46991,2.030
Jharkhand,2022-04-01,822,43071,1.908
Jharkhand,2022-05-01,781,46202,1.690
Jharkhand,2022-06-01,928,40105,2.314
Jharkhand,2022-07-01,1332,40741,3.269
Jharkhand,2022-08-01,1264,32864,3.846
Jharkhand,2022-09-01,1202,31128,3.861
Jharkhand,2022-10-01,1662,59692,2.784
Jharkhand,2022-11-01,1823,49229,3.703
Jharkhand,2022-12-01,1694,35224,4.809
Jharkhand,2023-01-01,1288,35628,3.615
Jharkhand,2023-02-01,1605,39964,4.016
Jharkhand,2023-03-01,1673,48207,3.470
Jharkhand,2023-04-01,1583,44679,3.543
Jharkhand,2023-05-01,1592,50195,3.172
Jharkhand,2023-06-01,1541,45401,3.394
Jharkhand,2023-07-01,1918,41915,4.576
Jharkhand,2023-08-01,1657,36724,4.512
Jharkhand,2023-09-01,1918,40795,4.702
Jharkhand,2023-10-01,1857,43315,4.287
Jharkhand,2023-11-01,2356,75723,3.111
Jharkhand,2023-12-01,2138,42278,5.057
Jharkhand,2024-01-01,1696,40046,4.235
Jharkhand,2024-02-01,1847,44197,4.179
Jharkhand,2024-03-01,2237,47668,4.693
Jharkhand,2024-04-01,1489,55982,2.660
Jharkhand,2024-05-01,1761,46279,3.805
Karnataka,2019-01-01,370,146927,0.252
Karnataka,2019-02-01,361,128949,0.280
Karnataka,2019-03-01,1074,139497,0.770
Karnataka,2019-04-01,196,123368,0.159
Karnataka,2019-05-01,337,137473,0.245
Karnataka,2019-06-01,667,132681,0.503
Karnataka,2019-07-01,504,126359,0.399
Karnataka,2019-08-01,409,127665,0.320
Karnataka,2019-09-01,353,111833,0.316
Karnataka,2019-10-01,443,137377,0.322
Karnataka,2019-11-01,725,147179,0.493
Karnataka,2019-12-01,705,101047,0.698
Karnataka,2020-01-01,1204,141223,0.853
Karnataka,2020-02-01,738,128616,0.574
Karnataka,2020-03-01,901,152122,0.592
Karnataka,2020-04-01,5,17297,0.029
Karnataka,2020-05-01,331,37853,0.874
Karnataka,2020-06-01,491,92358,0.532
Karnataka,2020-07-01,440,79761,0.552
Karnataka,2020-08-01,647,95926,0.674
Karnataka,2020-09-01,777,114376,0.679
Karnataka,2020-10-01,1251,104442,1.198
Karnataka,2020-11-01,1336,131349,1.017
Karnataka,2020-12-01,1572,109614,1.434
Karnataka,2021-01-01,1785,136256,1.310
Karnataka,2021-02-01,1699,111970,1.517
Karnataka,2021-03-01,2656,126179,2.105
Karnataka,2021-04-01,1775,87002,2.040
Karnataka,2021-05-01,143,6498,2.201
Karnataka,2021-06-01,697,31650,2.202
Karnataka,2021-07-01,3860,121299,3.182
Karnataka,2021-08-01,3658,115912,3.156
Karnataka,2021-09-01,4099,117076,3.501
Karnataka,2021-10-01,4155,108139,3.842
Karnataka,2021-11-01,3892,103047,3.777
Karnataka,2021-12-01,4883,113117,4.317
Karnataka,2022-01-01,4949,110267,4.488
Karnataka,2022-02-01,6167,106437,5.794
Karnataka,2022-03-01,7865,130867,6.010
Karnataka,2022-04-01,9456,140640,6.724
Karnataka,2022-05-01,6471,117060,5.528
Karnataka,2022-06-01,7528,130396,5.773
Karnataka,2022-07-01,6312,113419,5.565
Karnataka,2022-08-01,8227,127581,6.448
Karnataka,2022-09-01,8585,129553,6.627
Karnataka,2022-10-01,10779,159430,6.761
Karnataka,2022-11-01,10951,152179,7.196
Karnataka,2022-12-01,8563,114012,7.511
Karnataka,2023-01-01,10985,139294,7.886
Karnataka,2023-02-01,11261,127583,8.826
Karnataka,2023-03-01,14906,154316,9.659
Karnataka,2023-04-01,10964,131609,8.331
Karnataka,2023-05-01,18893,136136,13.878
Karnataka,2023-06-01,9458,148332,6.376
Karnataka,2023-07-01,11623,137889,8.429
Karnataka,2023-08-01,11439,148506,7.703
Karnataka,2023-09-01,12184,150177,8.113
Karnataka,2023-10-01,12994,155354,8.364
Karnataka,2023-11-01,15895,182721,8.699
Karnataka,2023-12-01,12079,134500,8.981
Karnataka,2024-01-01,14468,167997,8.612
Karnataka,2024-02-01,14377,156353,9.195
Karnataka,2024-03-01,26053,172629,15.092
Karnataka,2024-04-01,8697,145120,5.993
Karnataka,2024-05-01,11347,155265,7.308
Kerala,2019-01-01,79,96349,0.082
Kerala,2019-02-01,37,77239,0.048
Kerala,2019-03-01,30,100797,0.030
Kerala,2019-04-01,24,45521,0.053
Kerala,2019-05-01,27,78414,0.034
Kerala,2019-06-01,26,78486,0.033
Kerala,2019-07-01,20,78826,0.025
Kerala,2019-08-01,17,64295,0.026
Kerala,2019-09-01,36,79632,0.045
Kerala,2019-10-01,21,89273,0.024
Kerala,2019-11-01,64,69317,0.092
Kerala,2019-12-01,91,55764,0.163
Kerala,2020-01-01,100,76742,0.130
Kerala,2020-02-01,105,63808,0.165
Kerala,2020-03-01,93,67343,0.138
Kerala,2020-04-01,2,3225,0.062
Kerala,2020-05-01,22,16208,0.136
Kerala,2020-06-01,45,48053,0.094
Kerala,2020-07-01,51,42484,0.120
Kerala,2020-08-01,106,42501,0.249
Kerala,2020-09-01,187,73972,0.253
Kerala,2020-10-01,212,71255,0.298
Kerala,2020-11-01,215,68235,0.315
Kerala,2020-12-01,214,62231,0.344
Kerala,2021-01-01,323,79006,0.409
Kerala,2021-02-01,412,69596,0.592
Kerala,2021-03-01,535,81229,0.659
Kerala,2021-04-01,666,83683,0.796
Kerala,2021-05-01,238,13766,1.729
Kerala,2021-06-01,408,29899,1.365
Kerala,2021-07-01,714,62452,1.143
Kerala,2021-08-01,859,78072,1.100
Kerala,2021-09-01,1020,73573,1.386
Kerala,2021-10-01,1090,60465,1.803
Kerala,2021-11-01,1255,62248,2.016
Kerala,2021-12-01,1347,63888,2.108
Kerala,2022-01-01,1746,66477,2.626
Kerala,2022-02-01,2193,58968,3.719
Kerala,2022-03-01,3336,70737,4.716
Kerala,2022-04-01,3340,61490,5.432
Kerala,2022-05-01,2792,59219,4.715
Kerala,2022-06-01,3127,64116,4.877
Kerala,2022-07-01,2479,56090,4.420
Kerala,2022-08-01,3568,75249,4.742
Kerala,2022-09-01,3682,76471,4.815
Kerala,2022-10-01,4217,64919,6.496
Kerala,2022-11-01,4190,59680,7.021
Kerala,2022-12-01,4518,60753,7.437
Kerala,2023-01-01,5224,65175,8.015
Kerala,2023-02-01,6479,59509,10.887
Kerala,2023-03-01,8236,81552,10.099
Kerala,2023-04-01,5630,46830,12.022
Kerala,2023-05-01,8664,61650,14.054
Kerala,2023-06-01,5200,58260,8.926
Kerala,2023-07-01,5291,56820,9.312
Kerala,2023-08-01,6089,75476,8.067
Kerala,2023-09-01,5736,78810,7.278
Kerala,2023-10-01,6271,60497,10.366
Kerala,2023-11-01,6685,57806,11.565
Kerala,2023-12-01,6281,56606,11.096
Kerala,2024-01-01,8046,68144,11.807
Kerala,2024-02-01,6942,59117,11.743
Kerala,2024-03-01,10144,63709,15.922
Kerala,2024-04-01,4804,58951,8.149
Kerala,2024-05-01,6260,61475,10.183
Ladakh,2019-01-01,0,188,0.000
Ladakh,2019-02-01,0,12,0.000
Ladakh,2019-03-01,0,96,0.000
Ladakh,2019-04-01,0,70,0.000
Ladakh,2019-05-01,0,174,0.000
Ladakh,2019-06-01,0,392,0.000
Ladakh,2019-07-01,0,362,0.000
Ladakh,2019-08-01,0,310,0.000
Ladakh,2019-09-01,0,27,0.000
Ladakh,2019-10-01,0,101,0.000
Ladakh,2019-11-01,0,57,0.000
Ladakh,2019-12-01,0,199,0.000
Ladakh,2020-01-01,0,67,0.000
Ladakh,2020-02-01,0,72,0.000
Ladakh,2020-03-01,0,556,0.000
Ladakh,2020-04-01,0,220,0.000
Ladakh,2020-06-01,0,3,0.000
Ladakh,2020-07-01,0,3,0.000
Ladakh,2020-08-01,0,111,0.000
Ladakh,2020-09-01,0,347,0.000
Ladakh,2020-10-01,0,182,0.000
Ladakh,2020-11-01,0,536,0.000
Ladakh,2020-12-01,0,304,0.000
Ladakh,2021-01-01,0,345,0.000
Ladakh,2021-02-01,0,139,0.000
Ladakh,2021-03-01,0,97,0.000
Ladakh,2021-04-01,0,30,0.000
Ladakh,2021-05-01,0,102,0.000
Ladakh,2021-06-01,0,152,0.000
Ladakh,2021-07-01,0,712,0.000
Ladakh,2021-08-01,0,601,0.000
Ladakh,2021-09-01,0,543,0.000
Ladakh,2021-10-01,6,361,1.662
Ladakh,2021-11-01,0,389,0.000
Ladakh,2021-12-01,0,247,0.000
Ladakh,2022-01-01,6,267,2.247
Ladakh,2022-02-01,0,109,0.000
Ladakh,2022-03-01,0,161,0.000
Ladakh,2022-04-01,0,561,0.000
Ladakh,2022-05-01,0,100,0.000
Ladakh,2022-06-01,2,112,1.786
Ladakh,2022-07-01,0,117,0.000
Ladakh,2022-08-01,9,606,1.485
Ladakh,2022-09-01,0,342,0.000
Ladakh,2022-10-01,0,433,0.000
Ladakh,2022-11-01,8,454,1.762
Ladakh,2022-12-01,2,281,0.712
Ladakh,2023-01-01,1,201,0.498
Ladakh,2023-02-01,0,128,0.000
Ladakh,2023-03-01,0,183,0.000
Ladakh,2023-04-01,0,550,0.000
Ladakh,2023-05-01,14,826,1.695
Ladakh,2023-06-01,3,774,0.388
Ladakh,2023-07-01,1,624,0.160
Ladakh,2023-08-01,0,511,0.000
Ladakh,2023-09-01,9,418,2.153
Ladakh,2023-10-01,0,332,0.000
Ladakh,2023-11-01,0,330,0.000
Ladakh,2023-12-01,0,273,0.000
Ladakh,2024-01-01,14,281,4.982
Ladakh,2024-02-01,0,115,0.000
Ladakh,2024-03-01,0,227,0.000
Ladakh,2024-04-01,0,465,0.000
Ladakh,2024-05-01,0,750,0.000
Madhya Pradesh,2019-01-01,321,139604,0.230
Madhya Pradesh,2019-02-01,354,121713,0.291
Madhya Pradesh,2019-03-01,386,125695,0.307
Madhya Pradesh,2019-04-01,331,122176,0.271
Madhya Pradesh,2019-05-01,220,147279,0.149
Madhya Pradesh,2019-06-01,203,127922,0.159
Madhya Pradesh,2019-07-01,197,146530,0.134
Madhya Pradesh,2019-08-01,285,95647,0.298
Madhya Pradesh,2019-09-01,252,79732,0.316
Madhya Pradesh,2019-10-01,406,105963,0.383
Madhya Pradesh,2019-11-01,381,163430,0.233
Madhya Pradesh,2019-12-01,344,154058,0.223
Madhya Pradesh,2020-01-01,306,127626,0.240
Madhya Pradesh,2020-02-01,308,119750,0.257
Madhya Pradesh,2020-03-01,318,164368,0.193
Madhya Pradesh,2020-04-01,58,93886,0.062
Madhya Pradesh,2020-05-01,32,2359,1.357
Madhya Pradesh,2020-06-01,199,58073,0.343
Madhya Pradesh,2020-07-01,187,99324,0.188
Madhya Pradesh,2020-08-01,229,96336,0.238
Madhya Pradesh,2020-09-01,405,93058,0.435
Madhya Pradesh,2020-10-01,362,83003,0.436
Madhya Pradesh,2020-11-01,335,126523,0.265
Madhya Pradesh,2020-12-01,568,171856,0.331
Madhya Pradesh,2021-01-01,503,133292,0.377
Madhya Pradesh,2021-02-01,498,96456,0.516
Madhya Pradesh,2021-03-01,968,112300,0.862
Madhya Pradesh,2021-04-01,221,38385,0.576
Madhya Pradesh,2021-05-01,1,7274,0.014
Madhya Pradesh,2021-06-01,556,114717,0.485
Madhya Pradesh,2021-07-01,886,130953,0.677
Madhya Pradesh,2021-08-01,973,93471,1.041
Madhya Pradesh,2021-09-01,1297,88603,1.464
Madhya Pradesh,2021-10-01,1090,70643,1.543
Madhya Pradesh,2021-11-01,1686,124594,1.353
Madhya Pradesh,2021-12-01,1760,139374,1.263
Madhya Pradesh,2022-01-01,1539,100938,1.525
Madhya Pradesh,2022-02-01,1605,92439,1.736
Madhya Pradesh,2022-03-01,2498,104530,2.390
Madhya Pradesh,2022-04-01,2023,96289,2.101
Madhya Pradesh,2022-05-01,2303,121780,1.891
Madhya Pradesh,2022-06-01,2542,109136,2.329
Madhya Pradesh,2022-07-01,2870,110668,2.593
Madhya Pradesh,2022-08-01,3065,131962,2.323
Madhya Pradesh,2022-09-01,3580,73676,4.859
Madhya Pradesh,2022-10-01,4842,168986,2.865
Madhya Pradesh,2022-11-01,5322,159665,3.333
Madhya Pradesh,2022-12-01,4620,95680,4.829
Madhya Pradesh,2023-01-01,4104,115328,3.559
Madhya Pradesh,2023-02-01,3866,109086,3.544
Madhya Pradesh,2023-03-01,6180,139693,4.424
Madhya Pradesh,2023-04-01,3436,83714,4.104
Madhya Pradesh,2023-05-01,6367,126984,5.014
Madhya Pradesh,2023-06-01,4423,113139,3.909
Madhya Pradesh,2023-07-01,5466,103644,5.274
Madhya Pradesh,2023-08-01,7215,106492,6.775
Madhya Pradesh,2023-09-01,6120,103259,5.927
Madhya Pradesh,2023-10-01,6293,132007,4.767
Madhya Pradesh,2023-11-01,8198,243782,3.363
Madhya Pradesh,2023-12-01,6287,120275,5.227
Madhya Pradesh,2024-01-01,6885,134093,5.134
Madhya Pradesh,2024-02-01,7021,126566,5.547
Madhya Pradesh,2024-03-01,9632,131643,7.317
Madhya Pradesh,2024-04-01,4693,153341,3.060
Madhya Pradesh,2024-05-01,6045,123756,4.885
Maharashtra,2019-01-01,752,224575,0.335
Maharashtra,2019-02-01,723,170318,0.425
Maharashtra,2019-03-01,963,189464,0.508
Maharashtra,2019-04-01,820,198571,0.413
Maharashtra,2019-05-01,666,205184,0.325
Maharashtra,2019-06-01,526,163243,0.322
Maharashtra,2019-07-01,452,166747,0.271
Maharashtra,2019-08-01,525,158610,0.331
Maharashtra,2019-09-01,498,153315,0.325
Maharashtra,2019-10-01,559,209453,0.267
Maharashtra,2019-11-01,929,276033,0.337
Maharashtra,2019-12-01,528,209004,0.253
Maharashtra,2020-01-01,737,214464,0.344
Maharashtra,2020-02-01,794,173073,0.459
Maharashtra,2020-03-01,840,268188,0.313
Maharashtra,2020-04-01,9,21530,0.042
Maharashtra,2020-05-01,133,5751,2.313
Maharashtra,2020-06-01,313,60083,0.521
Maharashtra,2020-07-01,416,100871,0.412
Maharashtra,2020-08-01,491,121232,0.405
Maharashtra,2020-09-01,610,155185,0.393
Maharashtra,2020-10-01,713,175461,0.406
Maharashtra,2020-11-01,987,235872,0.418
Maharashtra,2020-12-01,1099,243959,0.450
Maharashtra,2021-01-01,1121,203365,0.551
Maharashtra,2021-02-01,1428,185974,0.768
Maharashtra,2021-03-01,2096,187562,1.117
Maharashtra,2021-04-01,683,74059,0.922
Maharashtra,2021-05-01,352,35477,0.992
Maharashtra,2021-06-01,1168,114659,1.019
Maharashtra,2021-07-01,2543,206692,1.230
Maharashtra,2021-08-01,2837,178439,1.590
Maharashtra,2021-09-01,2559,142579,1.795
Maharashtra,2021-10-01,4116,188348,2.185
Maharashtra,2021-11-01,4497,219226,2.051
Maharashtra,2021-12-01,6514,186994,3.484
Maharashtra,2022-01-01,5758,197862,2.910
Maharashtra,2022-02-01,8201,170660,4.805
Maharashtra,2022-03-01,12216,197658,6.180
Maharashtra,2022-04-01,8195,191928,4.270
Maharashtra,2022-05-01,10171,177920,5.717
Maharashtra,2022-06-01,9546,173093,5.515
Maharashtra,2022-07-01,10004,167542,5.971
Maharashtra,2022-08-01,11368,180702,6.291
Maharashtra,2022-09-01,12281,181014,6.785
Maharashtra,2022-10-01,17900,268332,6.671
Maharashtra,2022-11-01,15538,269744,5.760
Maharashtra,2022-12-01,14849,197858,7.505
Maharashtra,2023-01-01,15496,223989,6.918
Maharashtra,2023-02-01,13828,188892,7.321
Maharashtra,2023-03-01,19510,226302,8.621
Maharashtra,2023-04-01,14598,193964,7.526
Maharashtra,2023-05-01,22817,186820,12.213
Maharashtra,2023-06-01,10724,182297,5.883
Maharashtra,2023-07-01,12220,185965,6.571
Maharashtra,2023-08-01,14383,197134,7.296
Maharashtra,2023-09-01,14158,199824,7.085
Maharashtra,2023-10-01,18466,242681,7.609
Maharashtra,2023-11-01,21438,305797,7.011
Maharashtra,2023-12-01,16734,230187,7.270
Maharashtra,2024-01-01,18895,255073,7.408
Maharashtra,2024-02-01,18053,214266,8.426
Maharashtra,2024-03-01,29986,220883,13.576
Maharashtra,2024-04-01,14263,246831,5.778
Maharashtra,2024-05-01,15335,225057,6.814
Manipur,2019-01-01,5,4244,0.118
Manipur,2019-02-01,20,2652,0.754
Manipur,2019-03-01,9,3093,0.291
Manipur,2019-04-01,3,2657,0.113
Manipur,2019-05-01,14,2600,0.538
Manipur,2019-06-01,28,3747,0.747
Manipur,2019-07-01,36,3413,1.055
Manipur,2019-08-01,44,2988,1.473
Manipur,2019-09-01,15,2844,0.527
Manipur,2019-10-01,30,3351,0.895
Manipur,2019-11-01,19,3712,0.512
Manipur,2019-12-01,29,3191,0.909
Manipur,2020-01-01,25,2910,0.859
Manipur,2020-02-01,55,3267,1.684
Manipur,2020-03-01,20,3956,0.506
Manipur,2020-04-01,1,459,0.218
Manipur,2020-05-01,0,19,0.000
Manipur,2020-06-01,0,45,0.000
Manipur,2020-07-01,0,207,0.000
Manipur,2020-08-01,0,90,0.000
Manipur,2020-09-01,1,858,0.117
Manipur,2020-10-01,0,279,0.000
Manipur,2020-11-01,0,1546,0.000
Manipur,2020-12-01,2,2240,0.089
Manipur,2021-01-01,2,2879,0.069
Manipur,2021-02-01,1,4218,0.024
Manipur,2021-03-01,9,5062,0.178
Manipur,2021-04-01,20,4189,0.477
Manipur,2021-05-01,0,313,0.000
Manipur,2021-06-01,0,292,0.000
Manipur,2021-07-01,15,654,2.294
Manipur,2021-08-01,38,1784,2.130
Manipur,2021-09-01,6,4887,0.123
Manipur,2021-10-01,12,3245,0.370
Manipur,2021-11-01,4,3547,0.113
Manipur,2021-12-01,7,4747,0.147
Manipur,2022-01-01,9,4549,0.198
Manipur,2022-02-01,12,5861,0.205
Manipur,2022-03-01,6,4469,0.134
Manipur,2022-04-01,3,2350,0.128
Manipur,2022-05-01,4,3335,0.120
Manipur,2022-06-01,13,4607,0.282
Manipur,2022-07-01,26,5122,0.508
Manipur,2022-08-01,32,4474,0.715
Manipur,2022-09-01,15,3526,0.425
Manipur,2022-10-01,64,3470,1.844
Manipur,2022-11-01,50,7430,0.673
Manipur,2022-12-01,107,5924,1.806
Manipur,2023-01-01,86,4403,1.953
Manipur,2023-02-01,96,4116,2.332
Manipur,2023-03-01,45,4561,0.987
Manipur,2023-04-01,69,4669,1.478
Manipur,2023-05-01,24,750,3.200
Manipur,2023-06-01,4,570,0.702
Manipur,2023-07-01,12,1684,0.713
Manipur,2023-08-01,22,1437,1.531
Manipur,2023-09-01,2,699,0.286
Manipur,2023-10-01,12,1339,0.896
Manipur,2023-11-01,13,1121,1.160
Manipur,2023-12-01,14,1234,1.135
Manipur,2024-01-01,29,2098,1.382
Manipur,2024-02-01,50,2126,2.352
Manipur,2024-03-01,18,1835,0.981
Manipur,2024-04-01,10,2264,0.442
Manipur,2024-05-01,28,2305,1.215
Meghalaya,2019-01-01,0,2711,0.000
Meghalaya,2019-02-01,0,2348,0.000
Meghalaya,2019-03-01,2,2902,0.069
Meghalaya,2019-04-01,0,2390,0.000
Meghalaya,2019-05-01,0,3200,0.000
Meghalaya,2019-06-01,1,2885,0.035
Meghalaya,2019-07-01,1,2689,0.037
Meghalaya,2019-08-01,2,2891,0.069
Meghalaya,2019-09-01,5,2952,0.169
Meghalaya,2019-10-01,1,3281,0.030
Meghalaya,2019-11-01,1,3136,0.032
Meghalaya,2019-12-01,0,1853,0.000
Meghalaya,2020-01-01,1,3127,0.032
Meghalaya,2020-02-01,1,2968,0.034
Meghalaya,2020-03-01,0,2556,0.000
Meghalaya,2020-04-01,0,269,0.000
Meghalaya,2020-05-01,0,152,0.000
Meghalaya,2020-06-01,0,1363,0.000
Meghalaya,2020-07-01,0,1574,0.000
Meghalaya,2020-08-01,0,1854,0.000
Meghalaya,2020-09-01,0,2591,0.000
Meghalaya,2020-10-01,0,2393,0.000
Meghalaya,2020-11-01,1,2310,0.043
Meghalaya,2020-12-01,0,2265,0.000
Meghalaya,2021-01-01,0,2488,0.000
Meghalaya,2021-02-01,0,2514,0.000
Meghalaya,2021-03-01,0,3145,0.000
Meghalaya,2021-04-01,1,2430,0.041
Meghalaya,2021-05-01,1,491,0.204
Meghalaya,2021-06-01,0,751,0.000
Meghalaya,2021-07-01,2,1723,0.116
Meghalaya,2021-08-01,0,2403,0.000
Meghalaya,2021-09-01,0,2639,0.000
Meghalaya,2021-10-01,0,2427,0.000
Meghalaya,2021-11-01,1,2560,0.039
Meghalaya,2021-12-01,0,2282,0.000
Meghalaya,2022-01-01,1,2572,0.039
Meghalaya,2022-02-01,2,2479,0.081
Meghalaya,2022-03-01,3,3372,0.089
Meghalaya,2022-04-01,7,2756,0.254
Meghalaya,2022-05-01,3,3285,0.091
Meghalaya,2022-06-01,3,2796,0.107
Meghalaya,2022-07-01,5,2777,0.180
Meghalaya,2022-08-01,2,3326,0.060
Meghalaya,2022-09-01,5,3213,0.156
Meghalaya,2022-10-01,6,3174,0.189
Meghalaya,2022-11-01,3,3198,0.094
Meghalaya,2022-12-01,1,2713,0.037
Meghalaya,2023-01-01,7,3099,0.226
Meghalaya,2023-02-01,4,2575,0.155
Meghalaya,2023-03-01,4,3756,0.106
Meghalaya,2023-04-01,5,3007,0.166
Meghalaya,2023-05-01,10,3423,0.292
Meghalaya,2023-06-01,7,3309,0.212
Meghalaya,2023-07-01,23,3494,0.658
Meghalaya,2023-08-01,22,3767,0.584
Meghalaya,2023-09-01,14,3586,0.390
Meghalaya,2023-10-01,4,3614,0.111
Meghalaya,2023-11-01,11,3802,0.289
Meghalaya,2023-12-01,4,2950,0.136
Meghalaya,2024-01-01,28,3554,0.788
Meghalaya,2024-02-01,30,3712,0.808
Meghalaya,2024-03-01,339,4329,7.831
Meghalaya,2024-04-01,71,3397,2.090
Meghalaya,2024-05-01,32,3933,0.814
Mizoram,2019-01-01,0,2529,0.000
Mizoram,2019-02-01,0,2179,0.000
Mizoram,2019-03-01,0,2305,0.000
Mizoram,2019-04-01,0,2260,0.000
Mizoram,2019-05-01,0,2789,0.000
Mizoram,2019-06-01,0,2709,0.000
Mizoram,2019-07-01,0,2815,0.000
Mizoram,2019-08-01,0,2453,0.000
Mizoram,2019-09-01,0,2907,0.000
Mizoram,2019-10-01,1,2705,0.037
Mizoram,2019-11-01,0,3095,0.000
Mizoram,2019-12-01,0,2353,0.000
Mizoram,2020-01-01,0,2818,0.000
Mizoram,2020-02-01,0,2483,0.000
Mizoram,2020-03-01,0,2315,0.000
Mizoram,2020-04-01,0,324,0.000
Mizoram,2020-05-01,0,1185,0.000
Mizoram,2020-06-01,0,1010,0.000
Mizoram,2020-07-01,1,1945,0.051
Mizoram,2020-08-01,0,1333,0.000
Mizoram,2020-09-01,0,2001,0.000
Mizoram,2020-10-01,0,2716,0.000
Mizoram,2020-11-01,0,2145,0.000
Mizoram,2020-12-01,0,3181,0.000
Mizoram,2021-01-01,0,3399,0.000
Mizoram,2021-02-01,0,3347,0.000
Mizoram,2021-03-01,0,3142,0.000
Mizoram,2021-04-01,0,2043,0.000
Mizoram,2021-05-01,0,26,0.000
Mizoram,2021-06-01,0,1164,0.000
Mizoram,2021-07-01,0,1462,0.000
Mizoram,2021-08-01,0,1470,0.000
Mizoram,2021-09-01,0,1982,0.000
Mizoram,2021-10-01,1,2433,0.041
Mizoram,2021-11-01,0,2489,0.000
Mizoram,2021-12-01,0,2327,0.000
Mizoram,2022-01-01,0,2004,0.000
Mizoram,2022-02-01,0,2270,0.000
Mizoram,2022-03-01,0,2552,0.000
Mizoram,2022-04-01,0,2141,0.000
Mizoram,2022-05-01,1,2292,0.044
Mizoram,2022-06-01,2,2308,0.087
Mizoram,2022-07-01,1,1894,0.053
Mizoram,2022-08-01,6,2649,0.227
Mizoram,2022-09-01,4,2184,0.183
Mizoram,2022-10-01,3,2195,0.137
Mizoram,2022-11-01,8,2182,0.367
Mizoram,2022-12-01,11,2460,0.447
Mizoram,2023-01-01,10,2340,0.427
Mizoram,2023-02-01,9,2243,0.401
Mizoram,2023-03-01,10,2257,0.443
Mizoram,2023-04-01,8,2025,0.395
Mizoram,2023-05-01,14,2187,0.640
Mizoram,2023-06-01,4,2328,0.172
Mizoram,2023-07-01,6,2362,0.254
Mizoram,2023-08-01,4,2514,0.159
Mizoram,2023-09-01,6,2210,0.271
Mizoram,2023-10-01,36,2681,1.343
Mizoram,2023-11-01,35,2777,1.260
Mizoram,2023-12-01,24,2810,0.854
Mizoram,2024-01-01,29,2685,1.080
Mizoram,2024-02-01,51,2981,1.711
Mizoram,2024-03-01,58,2709,2.141
Mizoram,2024-04-01,23,2560,0.898
Mizoram,2024-05-01,48,2674,1.795
Nagaland,2019-01-01,0,2038,0.000
Nagaland,2019-02-01,0,1805,0.000
Nagaland,2019-03-01,0,1985,0.000
Nagaland,2019-04-01,0,1834,0.000
Nagaland,2019-05-01,1,1807,0.055
Nagaland,2019-06-01,0,1683,0.000
Nagaland,2019-07-01,0,1658,0.000
Nagaland,2019-08-01,0,1423,0.000
Nagaland,2019-09-01,0,991,0.000
Nagaland,2019-10-01,0,1246,0.000
Nagaland,2019-11-01,0,1115,0.000
Nagaland,2019-12-01,0,888,0.000
Nagaland,2020-01-01,0,2113,0.000
Nagaland,2020-02-01,0,2664,0.000
Nagaland,2020-03-01,10,2716,0.368
Nagaland,2020-04-01,0,980,0.000
Nagaland,2020-05-01,0,214,0.000
Nagaland,2020-06-01,0,265,0.000
Nagaland,2020-07-01,0,19,0.000
Nagaland,2020-08-01,0,693,0.000
Nagaland,2020-09-01,0,1753,0.000
Nagaland,2020-10-01,0,1443,0.000
Nagaland,2020-11-01,1,1977,0.051
Nagaland,2020-12-01,0,1401,0.000
Nagaland,2021-01-01,1,1846,0.054
Nagaland,2021-02-01,0,2289,0.000
Nagaland,2021-03-01,0,2603,0.000
Nagaland,2021-04-01,0,2276,0.000
Nagaland,2021-05-01,0,411,0.000
Nagaland,2021-06-01,0,364,0.000
Nagaland,2021-07-01,0,2412,0.000
Nagaland,2021-08-01,0,2030,0.000
Nagaland,2021-09-01,1,2162,0.046
Nagaland,2021-10-01,0,2044,0.000
Nagaland,2021-11-01,0,1957,0.000
Nagaland,2021-12-01,0,1452,0.000
Nagaland,2022-01-01,0,1995,0.000
Nagaland,2022-02-01,0,2131,0.000
Nagaland,2022-03-01,0,2199,0.000
Nagaland,2022-04-01,2,2438,0.082
Nagaland,2022-05-01,1,2161,0.046
Nagaland,2022-06-01,0,2131,0.000
Nagaland,2022-07-01,0,2088,0.000
Nagaland,2022-08-01,0,2572,0.000
Nagaland,2022-09-01,0,2399,0.000
Nagaland,2022-10-01,0,1868,0.000
Nagaland,2022-11-01,0,2069,0.000
Nagaland,2022-12-01,0,1603,0.000
Nagaland,2023-01-01,0,1824,0.000
Nagaland,2023-02-01,0,2109,0.000
Nagaland,2023-03-01,0,2924,0.000
Nagaland,2023-04-01,1,2504,0.040
Nagaland,2023-05-01,0,2307,0.000
Nagaland,2023-06-01,0,2025,0.000
Nagaland,2023-07-01,2,2220,0.090
Nagaland,2023-08-01,0,2302,0.000
Nagaland,2023-09-01,1,2341,0.043
Nagaland,2023-10-01,0,2475,0.000
Nagaland,2023-11-01,2,2505,0.080
Nagaland,2023-12-01,0,1679,0.000
Nagaland,2024-01-01,0,2787,0.000
Nagaland,2024-02-01,1,2951,0.034
Nagaland,2024-03-01,1,2648,0.038
Nagaland,2024-04-01,0,2900,0.000
Nagaland,2024-05-01,1,2898,0.035
Odisha,2019-01-01,124,62182,0.199
Odisha,2019-02-01,105,66227,0.159
Odisha,2019-03-01,179,79729,0.225
Odisha,2019-04-01,101,74969,0.135
Odisha,2019-05-01,46,66258,0.069
Odisha,2019-06-01,61,64661,0.094
Odisha,2019-07-01,81,65911,0.123
Odisha,2019-08-01,77,56018,0.137
Odisha,2019-09-01,76,59553,0.128
Odisha,2019-10-01,96,102144,0.094
Odisha,2019-11-01,138,70239,0.196
Odisha,2019-12-01,75,57804,0.130
Odisha,2020-01-01,980,64581,1.517
Odisha,2020-02-01,977,66732,1.464
Odisha,2020-03-01,990,93230,1.062
Odisha,2020-04-01,911,11235,8.109
Odisha,2020-05-01,928,23495,3.950
Odisha,2020-06-01,966,48278,2.001
Odisha,2020-07-01,54,39300,0.137
Odisha,2020-08-01,61,40032,0.152
Odisha,2020-09-01,134,48885,0.274
Odisha,2020-10-01,86,71599,0.120
Odisha,2020-11-01,128,68956,0.186
Odisha,2020-12-01,119,53745,0.221
Odisha,2021-01-01,1050,58906,1.783
Odisha,2021-02-01,1106,63432,1.744
Odisha,2021-03-01,1223,62682,1.951
Odisha,2021-04-01,1121,51467,2.178
Odisha,2021-05-01,945,17018,5.553
Odisha,2021-06-01,1103,36007,3.063
Odisha,2021-07-01,363,48946,0.742
Odisha,2021-08-01,514,43749,1.175
Odisha,2021-09-01,539,36994,1.457
Odisha,2021-10-01,1024,62781,1.631
Odisha,2021-11-01,953,50756,1.878
Odisha,2021-12-01,1050,35057,2.995
Odisha,2022-01-01,2694,63698,4.229
Odisha,2022-02-01,2617,59394,4.406
Odisha,2022-03-01,3759,66031,5.693
Odisha,2022-04-01,3635,62659,5.801
Odisha,2022-05-01,3154,57591,5.477
Odisha,2022-06-01,2656,55173,4.814
Odisha,2022-07-01,2039,43176,4.723
Odisha,2022-08-01,2216,40702,5.444
Odisha,2022-09-01,2433,46596,5.221
Odisha,2022-10-01,3979,84068,4.733
Odisha,2022-11-01,3318,49878,6.652
Odisha,2022-12-01,2746,50162,5.474
Odisha,2023-01-01,3931,67474,5.826
Odisha,2023-02-01,3969,67275,5.900
Odisha,2023-03-01,4667,71739,6.506
Odisha,2023-04-01,4307,62790,6.859
Odisha,2023-05-01,5260,64633,8.138
Odisha,2023-06-01,3763,62557,6.015
Odisha,2023-07-01,3361,50882,6.605
Odisha,2023-08-01,3317,48650,6.818
Odisha,2023-09-01,3611,58330,6.191
Odisha,2023-10-01,4739,87478,5.417
Odisha,2023-11-01,5070,78738,6.439
Odisha,2023-12-01,5024,63189,7.951
Odisha,2024-01-01,5176,73833,7.010
Odisha,2024-02-01,5160,77103,6.692
Odisha,2024-03-01,8501,89256,9.524
Odisha,2024-04-01,5429,76968,7.054
Odisha,2024-05-01,6198,72445,8.555
Puducherry,2019-01-01,12,6281,0.191
Puducherry,2019-02-01,10,5273,0.190
Puducherry,2019-03-01,13,5181,0.251
Puducherry,2019-04-01,2,4698,0.043
Puducherry,2019-05-01,6,5199,0.115
Puducherry,2019-06-01,3,4895,0.061
Puducherry,2019-07-01,6,5608,0.107
Puducherry,2019-08-01,2,4735,0.042
Puducherry,2019-09-01,3,4342,0.069
Puducherry,2019-10-01,7,4878,0.144
Puducherry,2019-11-01,11,4123,0.267
Puducherry,2019-12-01,5,3069,0.163
Puducherry,2020-01-01,9,5969,0.151
Puducherry,2020-02-01,3,4455,0.067
Puducherry,2020-03-01,6,4278,0.140
Puducherry,2020-05-01,2,1517,0.132
Puducherry,2020-06-01,4,2976,0.134
Puducherry,2020-07-01,5,3212,0.156
Puducherry,2020-08-01,4,3514,0.114
Puducherry,2020-09-01,12,4699,0.255
Puducherry,2020-10-01,11,4252,0.259
Puducherry,2020-11-01,20,4142,0.483
Puducherry,2020-12-01,13,3168,0.410
Puducherry,2021-01-01,13,5384,0.241
Puducherry,2021-02-01,15,4903,0.306
Puducherry,2021-03-01,34,5135,0.662
Puducherry,2021-04-01,19,3298,0.576
Puducherry,2021-05-01,5,442,1.131
Puducherry,2021-06-01,31,3034,1.022
Puducherry,2021-07-01,38,4493,0.846
Puducherry,2021-08-01,35,4390,0.797
Puducherry,2021-09-01,52,3903,1.332
Puducherry,2021-10-01,32,3485,0.918
Puducherry,2021-11-01,48,3456,1.389
Puducherry,2021-12-01,83,3246,2.557
Puducherry,2022-01-01,96,4853,1.978
Puducherry,2022-02-01,121,4089,2.959
Puducherry,2022-03-01,186,4798,3.877
Puducherry,2022-04-01,86,3806,2.260
Puducherry,2022-05-01,69,3906,1.767
Puducherry,2022-06-01,95,4197,2.264
Puducherry,2022-07-01,76,4057,1.873
Puducherry,2022-08-01,99,4630,2.138
Puducherry,2022-09-01,120,4699,2.554
Puducherry,2022-10-01,184,4359,4.221
Puducherry,2022-11-01,162,3831,4.229
Puducherry,2022-12-01,187,3158,5.921
Puducherry,2023-01-01,203,5477,3.706
Puducherry,2023-02-01,187,4146,4.510
Puducherry,2023-03-01,271,4773,5.678
Puducherry,2023-04-01,163,3879,4.202
Puducherry,2023-05-01,400,4756,8.410
Puducherry,2023-06-01,154,4588,3.357
Puducherry,2023-07-01,210,4826,4.351
Puducherry,2023-08-01,229,5202,4.402
Puducherry,2023-09-01,156,4351,3.585
Puducherry,2023-10-01,207,4853,4.265
Puducherry,2023-11-01,211,4764,4.429
Puducherry,2023-12-01,247,3759,6.571
Puducherry,2024-01-01,331,6471,5.115
Puducherry,2024-02-01,419,5848,7.165
Puducherry,2024-03-01,522,5510,9.474
Puducherry,2024-04-01,286,5356,5.340
Puducherry,2024-05-01,312,5884,5.303
Punjab,2019-01-01,52,68476,0.076
Punjab,2019-02-01,168,55970,0.300
Punjab,2019-03-01,199,58565,0.340
Punjab,2019-04-01,46,58433,0.079
Punjab,2019-05-01,20,56938,0.035
Punjab,2019-06-01,22,53683,0.041
Punjab,2019-07-01,31,50915,0.061
Punjab,2019-08-01,26,68006,0.038
Punjab,2019-09-01,27,54940,0.049
Punjab,2019-10-01,124,68259,0.182
Punjab,2019-11-01,148,91982,0.161
Punjab,2019-12-01,103,68262,0.151
Punjab,2020-01-01,150,58426,0.257
Punjab,2020-02-01,109,58122,0.188
Punjab,2020-03-01,95,88841,0.107
Punjab,2020-04-01,7,1647,0.425
Punjab,2020-05-01,1,6717,0.015
Punjab,2020-06-01,40,24953,0.160
Punjab,2020-07-01,60,36725,0.163
Punjab,2020-08-01,44,35321,0.125
Punjab,2020-09-01,99,35955,0.275
Punjab,2020-10-01,62,44883,0.138
Punjab,2020-11-01,82,61677,0.133
Punjab,2020-12-01,84,56318,0.149
Punjab,2021-01-01,89,47972,0.186
Punjab,2021-02-01,96,44385,0.216
Punjab,2021-03-01,290,58072,0.499
Punjab,2021-04-01,74,38168,0.194
Punjab,2021-05-01,77,22862,0.337
Punjab,2021-06-01,138,34137,0.404
Punjab,2021-07-01,506,40177,1.259
Punjab,2021-08-01,464,40483,1.146
Punjab,2021-09-01,724,36567,1.980
Punjab,2021-10-01,546,41897,1.303
Punjab,2021-11-01,935,58580,1.596
Punjab,2021-12-01,699,50722,1.378
Punjab,2022-01-01,763,42654,1.789
Punjab,2022-02-01,661,38633,1.711
Punjab,2022-03-01,1080,47792,2.260
Punjab,2022-04-01,1218,45625,2.670
Punjab,2022-05-01,1029,45675,2.253
Punjab,2022-06-01,977,42213,2.314
Punjab,2022-07-01,1115,40880,2.727
Punjab,2022-08-01,1064,46398,2.293
Punjab,2022-09-01,1228,40013,3.069
Punjab,2022-10-01,1386,51652,2.683
Punjab,2022-11-01,1954,60063,3.253
Punjab,2022-12-01,1580,54030,2.924
Punjab,2023-01-01,1288,48805,2.639
Punjab,2023-02-01,1251,51765,2.417
Punjab,2023-03-01,1934,56036,3.451
Punjab,2023-04-01,1188,43338,2.741
Punjab,2023-05-01,2739,50042,5.473
Punjab,2023-06-01,2118,55783,3.797
Punjab,2023-07-01,1972,48423,4.072
Punjab,2023-08-01,2410,50668,4.756
Punjab,2023-09-01,2601,53604,4.852
Punjab,2023-10-01,2803,50819,5.516
Punjab,2023-11-01,2965,66924,4.430
Punjab,2023-12-01,2473,64574,3.830
Punjab,2024-01-01,2465,54712,4.505
Punjab,2024-02-01,3360,55946,6.006
Punjab,2024-03-01,4814,59438,8.099
Punjab,2024-04-01,3474,54431,6.382
Punjab,2024-05-01,3627,55173,6.574
Rajasthan,2019-01-01,757,117761,0.643
Rajasthan,2019-02-01,638,108405,0.589
Rajasthan,2019-03-01,868,116731,0.744
Rajasthan,2019-04-01,555,123034,0.451
Rajasthan,2019-05-01,390,128312,0.304
Rajasthan,2019-06-01,233,106986,0.218
Rajasthan,2019-07-01,380,105579,0.360
Rajasthan,2019-08-01,391,100463,0.389
Rajasthan,2019-09-01,414,80805,0.512
Rajasthan,2019-10-01,589,140677,0.419
Rajasthan,2019-11-01,744,220805,0.337
Rajasthan,2019-12-01,674,123140,0.547
Rajasthan,2020-01-01,595,105121,0.566
Rajasthan,2020-02-01,557,110246,0.505
Rajasthan,2020-03-01,407,170782,0.238
Rajasthan,2020-04-01,26,33632,0.077
Rajasthan,2020-05-01,34,15763,0.216
Rajasthan,2020-06-01,243,63269,0.384
Rajasthan,2020-07-01,456,86916,0.525
Rajasthan,2020-08-01,347,76512,0.454
Rajasthan,2020-09-01,704,65643,1.072
Rajasthan,2020-10-01,477,87707,0.544
Rajasthan,2020-11-01,747,155836,0.479
Rajasthan,2020-12-01,1020,131551,0.775
Rajasthan,2021-01-01,870,90332,0.963
Rajasthan,2021-02-01,1130,92355,1.224
Rajasthan,2021-03-01,2193,97118,2.258
Rajasthan,2021-04-01,602,70819,0.850
Rajasthan,2021-05-01,93,26569,0.350
Rajasthan,2021-06-01,934,86315,1.082
Rajasthan,2021-07-01,2213,99649,2.221
Rajasthan,2021-08-01,2067,82494,2.506
Rajasthan,2021-09-01,2976,74237,4.009
Rajasthan,2021-10-01,2933,91581,3.203
Rajasthan,2021-11-01,3773,171870,2.195
Rajasthan,2021-12-01,3884,90692,4.283
Rajasthan,2022-01-01,3496,78981,4.426
Rajasthan,2022-02-01,3971,85758,4.630
Rajasthan,2022-03-01,4608,92786,4.966
Rajasthan,2022-04-01,5143,101620,5.061
Rajasthan,2022-05-01,5492,109925,4.996
Rajasthan,2022-06-01,5624,90334,6.226
Rajasthan,2022-07-01,6700,94657,7.078
Rajasthan,2022-08-01,6590,89389,7.372
Rajasthan,2022-09-01,7137,82724,8.627
Rajasthan,2022-10-01,11769,174779,6.734
Rajasthan,2022-11-01,10255,198475,5.167
Rajasthan,2022-12-01,7416,90121,8.229
Rajasthan,2023-01-01,6432,102404,6.281
Rajasthan,2023-02-01,6782,97802,6.934
Rajasthan,2023-03-01,8954,128819,6.951
Rajasthan,2023-04-01,5713,100903,5.662
Rajasthan,2023-05-01,9700,119039,8.149
Rajasthan,2023-06-01,6253,108523,5.762
Rajasthan,2023-07-01,7112,113745,6.253
Rajasthan,2023-08-01,7754,113028,6.860
Rajasthan,2023-09-01,7721,120408,6.412
Rajasthan,2023-10-01,8004,147860,5.413
Rajasthan,2023-11-01,11303,238193,4.745
Rajasthan,2023-12-01,7889,135101,5.839
Rajasthan,2024-01-01,7432,125007,5.945
Rajasthan,2024-02-01,8078,121256,6.662
Rajasthan,2024-03-01,12587,130313,9.659
Rajasthan,2024-04-01,6425,117040,5.490
Rajasthan,2024-05-01,7328,125632,5.833
Sikkim,2019-01-01,0,732,0.000
Sikkim,2019-02-01,0,671,0.000
Sikkim,2019-03-01,0,721,0.000
Sikkim,2019-04-01,0,722,0.000
Sikkim,2019-05-01,0,676,0.000
Sikkim,2019-06-01,0,804,0.000
Sikkim,2019-07-01,0,944,0.000
Sikkim,2019-08-01,0,923,0.000
Sikkim,2019-09-01,0,1069,0.000
Sikkim,2019-10-01,0,766,0.000
Sikkim,2019-11-01,0,1338,0.000
Sikkim,2019-12-01,0,1049,0.000
Sikkim,2020-01-01,0,1054,0.000
Sikkim,2020-02-01,0,881,0.000
Sikkim,2020-03-01,0,906,0.000
Sikkim,2020-04-01,0,70,0.000
Sikkim,2020-05-01,0,158,0.000
Sikkim,2020-06-01,0,469,0.000
Sikkim,2020-07-01,0,317,0.000
Sikkim,2020-08-01,0,364,0.000
Sikkim,2020-09-01,0,446,0.000
Sikkim,2020-10-01,0,734,0.000
Sikkim,2020-11-01,0,930,0.000
Sikkim,2020-12-01,0,919,0.000
Sikkim,2021-01-01,0,770,0.000
Sikkim,2021-02-01,0,1015,0.000
Sikkim,2021-03-01,0,1078,0.000
Sikkim,2021-04-01,0,811,0.000
Sikkim,2021-05-01,0,216,0.000
Sikkim,2021-06-01,0,512,0.000
Sikkim,2021-07-01,0,971,0.000
Sikkim,2021-08-01,0,975,0.000
Sikkim,2021-09-01,0,958,0.000
Sikkim,2021-10-01,0,874,0.000
Sikkim,2021-11-01,0,921,0.000
Sikkim,2021-12-01,0,949,0.000
Sikkim,2022-01-01,0,748,0.000
Sikkim,2022-02-01,0,860,0.000
Sikkim,2022-03-01,0,952,0.000
Sikkim,2022-04-01,0,933,0.000
Sikkim,2022-05-01,0,976,0.000
Sikkim,2022-06-01,0,1005,0.000
Sikkim,2022-07-01,0,905,0.000
Sikkim,2022-08-01,0,881,0.000
Sikkim,2022-09-01,0,1086,0.000
Sikkim,2022-10-01,0,735,0.000
Sikkim,2022-11-01,0,889,0.000
Sikkim,2022-12-01,0,624,0.000
Sikkim,2023-01-01,0,940,0.000
Sikkim,2023-02-01,0,734,0.000
Sikkim,2023-03-01,0,1051,0.000
Sikkim,2023-04-01,0,950,0.000
Sikkim,2023-05-01,0,1018,0.000
Sikkim,2023-06-01,0,1016,0.000
Sikkim,2023-07-01,0,834,0.000
Sikkim,2023-08-01,0,964,0.000
Sikkim,2023-09-01,0,1090,0.000
Sikkim,2023-10-01,0,799,0.000
Sikkim,2023-11-01,0,902,0.000
Sikkim,2023-12-01,0,718,0.000
Sikkim,2024-01-01,0,981,0.000
Sikkim,2024-02-01,0,856,0.000
Sikkim,2024-03-01,0,906,0.000
Sikkim,2024-04-01,0,875,0.000
Sikkim,2024-05-01,4,1212,0.330
Tamil Nadu,2019-01-01,176,187945,0.094
Tamil Nadu,2019-02-01,247,190411,0.130
Tamil Nadu,2019-03-01,483,190952,0.253
Tamil Nadu,2019-04-01,236,160709,0.147
Tamil Nadu,2019-05-01,134,159721,0.084
Tamil Nadu,2019-06-01,144,150484,0.096
Tamil Nadu,2019-07-01,184,178249,0.103
Tamil Nadu,2019-08-01,237,161464,0.147
Tamil Nadu,2019-09-01,338,145579,0.232
Tamil Nadu,2019-10-01,350,142555,0.246
Tamil Nadu,2019-11-01,537,172102,0.312
Tamil Nadu,2019-12-01,319,120412,0.265
Tamil Nadu,2020-01-01,423,166222,0.254
Tamil Nadu,2020-02-01,517,170562,0.303
Tamil Nadu,2020-03-01,663,168282,0.394
Tamil Nadu,2020-04-01,4,470,0.851
Tamil Nadu,2020-05-01,97,31906,0.304
Tamil Nadu,2020-06-01,281,105091,0.267
Tamil Nadu,2020-07-01,331,105097,0.315
Tamil Nadu,2020-08-01,506,122874,0.412
Tamil Nadu,2020-09-01,627,161435,0.388
Tamil Nadu,2020-10-01,470,130213,0.361
Tamil Nadu,2020-11-01,673,139989,0.481
Tamil Nadu,2020-12-01,869,116996,0.743
Tamil Nadu,2021-01-01,1056,148154,0.713
Tamil Nadu,2021-02-01,2635,174183,1.513
Tamil Nadu,2021-03-01,3725,168726,2.208
Tamil Nadu,2021-04-01,1867,130107,1.435
Tamil Nadu,2021-05-01,268,22237,1.205
Tamil Nadu,2021-06-01,922,53910,1.710
Tamil Nadu,2021-07-01,2919,145406,2.007
Tamil Nadu,2021-08-01,2822,132300,2.133
Tamil Nadu,2021-09-01,3005,130338,2.306
Tamil Nadu,2021-10-01,2621,103666,2.528
Tamil Nadu,2021-11-01,2877,128041,2.247
Tamil Nadu,2021-12-01,3305,103478,3.194
Tamil Nadu,2022-01-01,4429,154410,2.868
Tamil Nadu,2022-02-01,4831,136161,3.548
Tamil Nadu,2022-03-01,8119,158306,5.129
Tamil Nadu,2022-04-01,5807,134986,4.302
Tamil Nadu,2022-05-01,3886,132100,2.942
Tamil Nadu,2022-06-01,4587,141902,3.233
Tamil Nadu,2022-07-01,4586,131307,3.493
Tamil Nadu,2022-08-01,5792,151952,3.812
Tamil Nadu,2022-09-01,5453,154358,3.533
Tamil Nadu,2022-10-01,5796,138809,4.176
Tamil Nadu,2022-11-01,7669,150977,5.080
Tamil Nadu,2022-12-01,5491,107438,5.111
Tamil Nadu,2023-01-01,5789,171654,3.372
Tamil Nadu,2023-02-01,7152,150289,4.759
Tamil Nadu,2023-03-01,9233,158135,5.839
Tamil Nadu,2023-04-01,7342,127298,5.768
Tamil Nadu,2023-05-01,11387,141523,8.046
Tamil Nadu,2023-06-01,6126,158423,3.867
Tamil Nadu,2023-07-01,7226,153948,4.694
Tamil Nadu,2023-08-01,7352,166503,4.416
Tamil Nadu,2023-09-01,6196,151188,4.098
Tamil Nadu,2023-10-01,7375,172666,4.271
Tamil Nadu,2023-11-01,8052,152490,5.280
Tamil Nadu,2023-12-01,6342,112453,5.640
Tamil Nadu,2024-01-01,8657,195045,4.438
Tamil Nadu,2024-02-01,9717,183518,5.295
Tamil Nadu,2024-03-01,14650,163801,8.944
Tamil Nadu,2024-04-01,7957,158633,5.016
Tamil Nadu,2024-05-01,8131,154214,5.273
Tripura,2019-01-01,2,4888,0.041
Tripura,2019-02-01,25,5115,0.489
Tripura,2019-03-01,3,5224,0.057
Tripura,2019-04-01,1,4440,0.023
Tripura,2019-05-01,1,4612,0.022
Tripura,2019-06-01,0,3413,0.000
Tripura,2019-07-01,47,4486,1.048
Tripura,2019-08-01,252,4160,6.058
Tripura,2019-09-01,144,4504,3.197
Tripura,2019-10-01,210,5938,3.537
Tripura,2019-11-01,281,5476,5.131
Tripura,2019-12-01,493,3903,12.631
Tripura,2020-01-01,792,5275,15.014
Tripura,2020-02-01,522,5354,9.750
Tripura,2020-03-01,433,7276,5.951
Tripura,2020-04-01,1,70,1.429
Tripura,2020-05-01,108,1530,7.059
Tripura,2020-06-01,200,3486,5.737
Tripura,2020-07-01,230,3686,6.240
Tripura,2020-08-01,205,4106,4.993
Tripura,2020-09-01,191,4426,4.315
Tripura,2020-10-01,258,5322,4.848
Tripura,2020-11-01,227,5624,4.036
Tripura,2020-12-01,254,4865,5.221
Tripura,2021-01-01,274,4444,6.166
Tripura,2021-02-01,224,4234,5.291
Tripura,2021-03-01,239,4707,5.078
Tripura,2021-04-01,247,3863,6.394
Tripura,2021-05-01,162,2677,6.052
Tripura,2021-06-01,89,2084,4.271
Tripura,2021-07-01,99,3036,3.261
Tripura,2021-08-01,184,3644,5.049
Tripura,2021-09-01,177,3717,4.762
Tripura,2021-10-01,202,4123,4.899
Tripura,2021-11-01,270,4958,5.446
Tripura,2021-12-01,267,4799,5.564
Tripura,2022-01-01,219,3809,5.750
Tripura,2022-02-01,238,3492,6.816
Tripura,2022-03-01,331,4785,6.917
Tripura,2022-04-01,314,3804,8.254
Tripura,2022-05-01,275,3631,7.574
Tripura,2022-06-01,241,3738,6.447
Tripura,2022-07-01,230,3664,6.277
Tripura,2022-08-01,225,3578,6.288
Tripura,2022-09-01,422,5095,8.283
Tripura,2022-10-01,332,4349,7.634
Tripura,2022-11-01,403,4744,8.495
Tripura,2022-12-01,599,4869,12.302
Tripura,2023-01-01,288,3670,7.847
Tripura,2023-02-01,255,3761,6.780
Tripura,2023-03-01,376,3991,9.421
Tripura,2023-04-01,384,3414,11.248
Tripura,2023-05-01,534,4502,11.861
Tripura,2023-06-01,441,3759,11.732
Tripura,2023-07-01,538,4320,12.454
Tripura,2023-08-01,565,4380,12.900
Tripura,2023-09-01,482,4250,11.341
Tripura,2023-10-01,500,5092,9.819
Tripura,2023-11-01,663,6147,10.786
Tripura,2023-12-01,489,4547,10.754
Tripura,2024-01-01,532,4931,10.789
Tripura,2024-02-01,591,5121,11.541
Tripura,2024-03-01,1216,6330,19.210
Tripura,2024-04-01,378,4754,7.951
Tripura,2024-05-01,567,5251,10.798
Uttar Pradesh,2019-01-01,5082,263751,1.927
Uttar Pradesh,2019-02-01,3952,247853,1.594
Uttar Pradesh,2019-03-01,4308,286767,1.502
Uttar Pradesh,2019-04-01,3724,280214,1.329
Uttar Pradesh,2019-05-01,3784,289721,1.306
Uttar Pradesh,2019-06-01,3957,302733,1.307
Uttar Pradesh,2019-07-01,4665,311368,1.498
Uttar Pradesh,2019-08-01,4769,270124,1.765
Uttar Pradesh,2019-09-01,4855,231857,2.094
Uttar Pradesh,2019-10-01,5279,231869,2.277
Uttar Pradesh,2019-11-01,5688,328818,1.730
Uttar Pradesh,2019-12-01,5733,317866,1.804
Uttar Pradesh,2020-01-01,5483,306903,1.787
Uttar Pradesh,2020-02-01,4866,274342,1.774
Uttar Pradesh,2020-03-01,3424,396923,0.863
Uttar Pradesh,2020-04-01,328,180219,0.182
Uttar Pradesh,2020-05-01,165,16805,0.982
Uttar Pradesh,2020-06-01,1678,161245,1.041
Uttar Pradesh,2020-07-01,2141,201529,1.062
Uttar Pradesh,2020-08-01,2025,166012,1.220
Uttar Pradesh,2020-09-01,2680,167685,1.598
Uttar Pradesh,2020-10-01,2061,154025,1.338
Uttar Pradesh,2020-11-01,2726,211543,1.289
Uttar Pradesh,2020-12-01,3693,389460,0.948
Uttar Pradesh,2021-01-01,4428,273131,1.621
Uttar Pradesh,2021-02-01,4437,198640,2.234
Uttar Pradesh,2021-03-01,5231,236641,2.211
Uttar Pradesh,2021-04-01,3098,177020,1.750
Uttar Pradesh,2021-05-01,641,168040,0.381
Uttar Pradesh,2021-06-01,2852,309286,0.922
Uttar Pradesh,2021-07-01,4784,267235,1.790
Uttar Pradesh,2021-08-01,5684,194477,2.923
Uttar Pradesh,2021-09-01,7315,181817,4.023
Uttar Pradesh,2021-10-01,8101,174418,4.645
Uttar Pradesh,2021-11-01,8602,278009,3.094
Uttar Pradesh,2021-12-01,11533,337804,3.414
Uttar Pradesh,2022-01-01,9831,234031,4.201
Uttar Pradesh,2022-02-01,8595,218491,3.934
Uttar Pradesh,2022-03-01,10999,242293,4.540
Uttar Pradesh,2022-04-01,11819,288052,4.103
Uttar Pradesh,2022-05-01,11717,334375,3.504
Uttar Pradesh,2022-06-01,12457,257893,4.830
Uttar Pradesh,2022-07-01,14382,214802,6.695
Uttar Pradesh,2022-08-01,16427,190896,8.605
Uttar Pradesh,2022-09-01,16544,152450,10.852
Uttar Pradesh,2022-10-01,16864,333539,5.056
Uttar Pradesh,2022-11-01,19531,351192,5.561
Uttar Pradesh,2022-12-01,13709,195966,6.996
Uttar Pradesh,2023-01-01,16800,254374,6.604
Uttar Pradesh,2023-02-01,16500,260743,6.328
Uttar Pradesh,2023-03-01,22214,285559,7.779
Uttar Pradesh,2023-04-01,19731,267375,7.380
Uttar Pradesh,2023-05-01,22252,376442,5.911
Uttar Pradesh,2023-06-01,21398,298897,7.159
Uttar Pradesh,2023-07-01,23871,235624,10.131
Uttar Pradesh,2023-08-01,26405,225061,11.732
Uttar Pradesh,2023-09-01,26388,219843,12.003
Uttar Pradesh,2023-10-01,25282,243408,10.387
Uttar Pradesh,2023-11-01,27161,482969,5.624
Uttar Pradesh,2023-12-01,30284,294137,10.296
Uttar Pradesh,2024-01-01,28014,282227,9.926
Uttar Pradesh,2024-02-01,26001,293157,8.869
Uttar Pradesh,2024-03-01,29488,296747,9.937
Uttar Pradesh,2024-04-01,21906,371217,5.901
Uttar Pradesh,2024-05-01,28515,332584,8.574
Uttarakhand,2019-01-01,368,18232,2.018
Uttarakhand,2019-02-01,337,17968,1.876
Uttarakhand,2019-03-01,305,17882,1.706
Uttarakhand,2019-04-01,276,16605,1.662
Uttarakhand,2019-05-01,403,21475,1.877
Uttarakhand,2019-06-01,302,17719,1.704
Uttarakhand,2019-07-01,383,19391,1.975
Uttarakhand,2019-08-01,413,18361,2.249
Uttarakhand,2019-09-01,421,16189,2.601
Uttarakhand,2019-10-01,353,19650,1.796
Uttarakhand,2019-11-01,458,25865,1.771
Uttarakhand,2019-12-01,453,18831,2.406
Uttarakhand,2020-01-01,443,18955,2.337
Uttarakhand,2020-02-01,466,17895,2.604
Uttarakhand,2020-03-01,183,19248,0.951
Uttarakhand,2020-04-01,11,8038,0.137
Uttarakhand,2020-05-01,5,891,0.561
Uttarakhand,2020-06-01,128,9876,1.296
Uttarakhand,2020-07-01,154,15703,0.981
Uttarakhand,2020-08-01,155,15954,0.972
Uttarakhand,2020-09-01,200,13017,1.536
Uttarakhand,2020-10-01,188,16782,1.120
Uttarakhand,2020-11-01,214,27230,0.786
Uttarakhand,2020-12-01,247,21744,1.136
Uttarakhand,2021-01-01,337,19323,1.744
Uttarakhand,2021-02-01,346,17269,2.004
Uttarakhand,2021-03-01,437,19129,2.284
Uttarakhand,2021-04-01,229,11144,2.055
Uttarakhand,2021-05-01,40,4334,0.923
Uttarakhand,2021-06-01,237,13714,1.728
Uttarakhand,2021-07-01,347,17785,1.951
Uttarakhand,2021-08-01,527,16305,3.232
Uttarakhand,2021-09-01,645,14436,4.468
Uttarakhand,2021-10-01,642,17773,3.612
Uttarakhand,2021-11-01,674,26125,2.580
Uttarakhand,2021-12-01,862,18680,4.615
Uttarakhand,2022-01-01,661,16172,4.087
Uttarakhand,2022-02-01,729,14556,5.008
Uttarakhand,2022-03-01,1037,17412,5.956
Uttarakhand,2022-04-01,1394,18788,7.420
Uttarakhand,2022-05-01,1105,18694,5.911
Uttarakhand,2022-06-01,1408,19135,7.358
Uttarakhand,2022-07-01,1402,18404,7.618
Uttarakhand,2022-08-01,1384,18106,7.644
Uttarakhand,2022-09-01,1321,14240,9.277
Uttarakhand,2022-10-01,1666,26481,6.291
Uttarakhand,2022-11-01,1883,32559,5.783
Uttarakhand,2022-12-01,1569,16505,9.506
Uttarakhand,2023-01-01,1096,20018,5.475
Uttarakhand,2023-02-01,1145,17073,6.706
Uttarakhand,2023-03-01,1389,20061,6.924
Uttarakhand,2023-04-01,1322,19795,6.678
Uttarakhand,2023-05-01,1682,22000,7.645
Uttarakhand,2023-06-01,1478,20235,7.304
Uttarakhand,2023-07-01,1424,19508,7.300
Uttarakhand,2023-08-01,1476,19417,7.602
Uttarakhand,2023-09-01,1247,18985,6.568
Uttarakhand,2023-10-01,1294,20574,6.289
Uttarakhand,2023-11-01,1656,32187,5.145
Uttarakhand,2023-12-01,1587,27076,5.861
Uttarakhand,2024-01-01,1235,19167,6.443
Uttarakhand,2024-02-01,1451,21709,6.684
Uttarakhand,2024-03-01,1387,19369,7.161
Uttarakhand,2024-04-01,1149,21289,5.397
Uttarakhand,2024-05-01,1800,25754,6.989
West Bengal,2019-01-01,915,136073,0.672
West Bengal,2019-02-01,797,92846,0.858
West Bengal,2019-03-01,1039,97802,1.062
West Bengal,2019-04-01,578,88742,0.651
West Bengal,2019-05-01,368,81299,0.453
West Bengal,2019-06-01,1137,85029,1.337
West Bengal,2019-07-01,795,118046,0.673
West Bengal,2019-08-01,784,98461,0.796
West Bengal,2019-09-01,2630,110523,2.380
West Bengal,2019-10-01,1196,61153,1.956
West Bengal,2019-11-01,1891,116035,1.630
West Bengal,2019-12-01,1403,91554,1.532
West Bengal,2020-01-01,768,82095,0.936
West Bengal,2020-02-01,1471,108473,1.356
West Bengal,2020-03-01,1716,167366,1.025
West Bengal,2020-04-01,378,39592,0.955
West Bengal,2020-05-01,81,2803,2.890
West Bengal,2020-06-01,333,40251,0.827
West Bengal,2020-07-01,631,74021,0.852
West Bengal,2020-08-01,481,74464,0.646
West Bengal,2020-09-01,870,117188,0.742
West Bengal,2020-10-01,1160,94557,1.227
West Bengal,2020-11-01,995,99026,1.005
West Bengal,2020-12-01,824,123575,0.667
West Bengal,2021-01-01,927,87235,1.063
West Bengal,2021-02-01,859,85218,1.008
West Bengal,2021-03-01,598,97366,0.614
West Bengal,2021-04-01,289,78220,0.369
West Bengal,2021-05-01,209,35205,0.594
West Bengal,2021-06-01,208,77615,0.268
West Bengal,2021-07-01,574,90905,0.631
West Bengal,2021-08-01,858,78262,1.096
West Bengal,2021-09-01,661,80153,0.825
West Bengal,2021-10-01,317,63909,0.496
West Bengal,2021-11-01,456,93624,0.487
West Bengal,2021-12-01,457,88056,0.519
West Bengal,2022-01-01,511,74198,0.689
West Bengal,2022-02-01,742,69754,1.064
West Bengal,2022-03-01,783,88972,0.880
West Bengal,2022-04-01,911,82872,1.099
West Bengal,2022-05-01,809,82071,0.986
West Bengal,2022-06-01,895,81949,1.092
West Bengal,2022-07-01,871,76755,1.135
West Bengal,2022-08-01,922,77035,1.197
West Bengal,2022-09-01,1030,81578,1.263
West Bengal,2022-10-01,705,59829,1.178
West Bengal,2022-11-01,1578,116096,1.359
West Bengal,2022-12-01,1392,81559,1.707
West Bengal,2023-01-01,967,66114,1.463
West Bengal,2023-02-01,1335,80357,1.661
West Bengal,2023-03-01,1846,88365,2.089
West Bengal,2023-04-01,1531,66948,2.287
West Bengal,2023-05-01,2292,91326,2.510
West Bengal,2023-06-01,1328,78322,1.696
West Bengal,2023-07-01,1315,80641,1.631
West Bengal,2023-08-01,1454,79003,1.840
West Bengal,2023-09-01,1554,72837,2.134
West Bengal,2023-10-01,1994,81206,2.455
West Bengal,2023-11-01,1968,111367,1.767
West Bengal,2023-12-01,3837,104783,3.662
West Bengal,2024-01-01,2750,88863,3.095
West Bengal,2024-02-01,2664,89289,2.984
West Bengal,2024-03-01,3954,84724,4.667
West Bengal,2024-04-01,2679,98866,2.710
West Bengal,2024-05-01,2765,100368,2.755
