state_name,ev_cum_aligned,ev_cum_2019_2026,ev_last12m,ev_prior12m,growth_pct,ev_share_last12m_pct,public_chargers,ev_per_charger_aligned,ev_per_charger_2019_2026,rank_aligned,rank_2019_2026,data_flag,data_flags
Andaman & Nicobar Islands,208,525,52,23,126.0870,0.6177,3,69.3333,175.0000,28,29,small_base,small_base
Andhra Pradesh,97882,274681,37636,35465,6.1215,4.1284,327,299.3333,840.0031,18,20,ok,ok
Arunachal Pradesh,44,310,34,4,750.0000,0.0974,9,4.8889,34.4444,30,32,small_base,small_base
Assam,159718,370148,63389,48217,31.4661,9.5201,86,1857.1860,4304.0465,2,2,ok,ok
Bihar,233887,543403,100611,68391,47.1115,7.5476,124,1886.1855,4382.2823,1,1,ok,ok
Chandigarh,13213,27089,6469,4496,43.8835,13.1752,12,1101.0833,2257.4167,5,5,ok,ok
Chhattisgarh,87297,212061,42070,30732,36.8931,6.6204,149,585.8859,1423.2282,8,8,ok,ok
Dadra and Nagar Haveli and Daman and Diu,524,1270,251,156,60.8974,1.0330,1,524.0000,1270.0000,9,10,small_base,small_base
Delhi,231812,473013,77197,72460,6.5374,11.3415,1886,122.9120,250.8022,25,26,ok,ok
Goa,22189,46804,11188,7961,40.5351,13.2836,113,196.3628,414.1947,22,24,ok,ok
Gujarat,201918,412107,79165,89186,-11.2361,4.1819,476,424.1975,865.7710,13,17,ok,ok
Haryana,88763,183113,33356,30105,10.7989,3.7946,377,235.4456,485.7109,21,23,ok,ok
Himachal Pradesh,3180,8468,1096,1183,-7.3542,0.8069,44,72.2727,192.4545,27,28,ok,ok
Jammu and Kashmir,20682,53630,11756,6661,76.4900,6.7218,47,440.0426,1141.0638,12,11,ok,ok
Jharkhand,50863,134975,22415,17646,27.0260,4.0004,135,376.7630,999.8148,15,16,ok,ok
Karnataka,372615,900717,160614,127954,25.5248,8.6592,1041,357.9395,865.2421,17,18,ok,ok
Kerala,161861,429279,77749,60014,29.5514,10.2887,852,189.9777,503.8486,23,22,ok,ok
Ladakh,75,104,27,36,-25.0000,0.5294,,,,,,no_charger_data,no_charger_data|small_base
Lakshadweep,,144,,,,,1,,144.0000,,30,no_granular_demand,no_granular_demand
Madhya Pradesh,156466,503283,78278,50794,54.1088,4.9170,341,458.8446,1475.9032,11,7,ok,ok
Maharashtra,471928,1155703,204655,177735,15.1461,7.5630,3079,153.2731,375.3501,24,25,ok,ok
Manipur,1345,4046,214,627,-65.8692,1.1437,17,79.1176,238.0000,26,27,ok,ok
Meghalaya,677,2605,585,55,963.6364,1.3465,21,32.2381,124.0476,29,31,small_base,small_base
Mizoram,414,2592,324,86,276.7442,1.0354,,,,,,no_charger_data,no_charger_data|small_base
Nagaland,26,113,8,1,700.0000,0.0269,6,4.3333,18.8333,31,33,small_base,small_base
Odisha,135213,336103,59349,41521,42.9373,7.0702,198,682.8939,1697.4899,6,6,ok,ok
Puducherry,6563,19536,3284,2147,52.9576,5.3475,23,285.3478,849.3913,19,19,ok,ok
Punjab,63974,179840,35082,17704,98.1586,5.2323,158,404.8987,1138.2278,14,12,ok,ok
Rajasthan,249582,555814,97886,93072,5.1723,6.1328,500,499.1640,1111.6280,10,13,ok,ok
Sikkim,4,29,4,0,,0.0359,2,2.0000,14.5000,32,34,small_base,small_base
Tamil Nadu,241998,700467,97781,80277,21.8045,5.0851,643,376.3577,1089.3733,16,14,ok,ok
Telangana,,352175,,,,,481,,732.1726,,21,no_granular_demand,no_granular_demand
Tripura,19942,44942,6962,4289,62.3222,11.8236,18,1107.8889,2496.7778,4,4,ok,ok
Uttar Pradesh,728857,1710187,314713,207411,51.7340,8.8010,582,1252.3316,2938.4656,3,3,ok,ok
Uttarakhand,51566,105025,17184,17267,-0.4807,6.4779,76,678.5000,1381.9079,7,9,ok,ok
West Bengal,77036,327458,28262,15364,83.9495,2.6406,318,242.2516,1029.7421,20,15,ok,ok
