state_name,vehicle_type,registrations
Andaman & Nicobar Islands,Four Wheeler (Invalid Carriage),1
Andaman & Nicobar Islands,Heavy Goods Vehicle,411
Andaman & Nicobar Islands,Heavy Motor Vehicle,13
Andaman & Nicobar Islands,Heavy Passenger Vehicle,93
Andaman & Nicobar Islands,Light Goods Vehicle,1011
Andaman & Nicobar Islands,Light Motor Vehicle,8469
Andaman & Nicobar Islands,Light Passenger Vehicle,914
Andaman & Nicobar Islands,Medium Goods Vehicle,49
Andaman & Nicobar Islands,Medium Motor Vehicle,25
Andaman & Nicobar Islands,Medium Passenger Vehicle,10
Andaman & Nicobar Islands,Other Than Mentioned Above,29
Andaman & Nicobar Islands,Three Wheeler(Nt),1
Andaman & Nicobar Islands,Three Wheeler(T),1398
Andaman & Nicobar Islands,Two Wheeler (Invalid Carriage),1
Andaman & Nicobar Islands,Two Wheeler(Nt),27120
Andaman & Nicobar Islands,Two Wheeler(T),249
Andhra Pradesh,Four Wheeler (Invalid Carriage),345
Andhra Pradesh,Heavy Goods Vehicle,50126
Andhra Pradesh,Heavy Motor Vehicle,940
Andhra Pradesh,Heavy Passenger Vehicle,5158
Andhra Pradesh,Light Goods Vehicle,108612
Andhra Pradesh,Light Motor Vehicle,566354
Andhra Pradesh,Light Passenger Vehicle,67935
Andhra Pradesh,Medium Goods Vehicle,4932
Andhra Pradesh,Medium Motor Vehicle,1709
Andhra Pradesh,Medium Passenger Vehicle,3996
Andhra Pradesh,Other Than Mentioned Above,6358
Andhra Pradesh,Three Wheeler(Nt),91510
Andhra Pradesh,Three Wheeler(T),98794
Andhra Pradesh,Two Wheeler (Invalid Carriage),782
Andhra Pradesh,Two Wheeler(Nt),3976625
Andhra Pradesh,Two Wheeler(T),1344
Arunachal Pradesh,Four Wheeler (Invalid Carriage),1
Arunachal Pradesh,Heavy Goods Vehicle,3961
Arunachal Pradesh,Heavy Motor Vehicle,461
Arunachal Pradesh,Heavy Passenger Vehicle,2102
Arunachal Pradesh,Light Goods Vehicle,7798
Arunachal Pradesh,Light Motor Vehicle,50543
Arunachal Pradesh,Light Passenger Vehicle,1224
Arunachal Pradesh,Medium Goods Vehicle,524
Arunachal Pradesh,Medium Motor Vehicle,201
Arunachal Pradesh,Medium Passenger Vehicle,220
Arunachal Pradesh,Other Than Mentioned Above,1586
Arunachal Pradesh,Three Wheeler(Nt),439
Arunachal Pradesh,Three Wheeler(T),1278
Arunachal Pradesh,Two Wheeler(Nt),80403
Assam,Four Wheeler (Invalid Carriage),7
Assam,Heavy Goods Vehicle,25583
Assam,Heavy Motor Vehicle,568
Assam,Heavy Passenger Vehicle,1792
Assam,Light Goods Vehicle,148539
Assam,Light Motor Vehicle,407810
Assam,Light Passenger Vehicle,20077
Assam,Medium Goods Vehicle,4834
Assam,Medium Motor Vehicle,253
Assam,Medium Passenger Vehicle,1733
Assam,Other Than Mentioned Above,4445
Assam,Three Wheeler(Nt),13
Assam,Three Wheeler(T),207612
Assam,Two Wheeler(Nt),1986812
Bihar,Four Wheeler (Invalid Carriage),45
Bihar,Heavy Goods Vehicle,27469
Bihar,Heavy Motor Vehicle,576
Bihar,Heavy Passenger Vehicle,4405
Bihar,Light Goods Vehicle,259209
Bihar,Light Motor Vehicle,427691
Bihar,Light Passenger Vehicle,21606
Bihar,Medium Goods Vehicle,4799
Bihar,Medium Motor Vehicle,4679
Bihar,Medium Passenger Vehicle,2941
Bihar,Other Than Mentioned Above,4278
Bihar,Three Wheeler(T),387746
Bihar,Two Wheeler (Invalid Carriage),52
Bihar,Two Wheeler(Nt),5141075
Bihar,Two Wheeler(T),14
Chandigarh,Four Wheeler (Invalid Carriage),245
Chandigarh,Heavy Goods Vehicle,561
Chandigarh,Heavy Motor Vehicle,16
Chandigarh,Heavy Passenger Vehicle,427
Chandigarh,Light Goods Vehicle,3897
Chandigarh,Light Motor Vehicle,113126
Chandigarh,Light Passenger Vehicle,1131
Chandigarh,Medium Goods Vehicle,328
Chandigarh,Medium Motor Vehicle,28
Chandigarh,Medium Passenger Vehicle,206
Chandigarh,Other Than Mentioned Above,49
Chandigarh,Three Wheeler(T),8189
Chandigarh,Two Wheeler (Invalid Carriage),42
Chandigarh,Two Wheeler(Nt),108959
Chandigarh,Two Wheeler(T),77
Chhattisgarh,Four Wheeler (Invalid Carriage),152
Chhattisgarh,Heavy Goods Vehicle,53767
Chhattisgarh,Heavy Motor Vehicle,215
Chhattisgarh,Heavy Passenger Vehicle,946
Chhattisgarh,Light Goods Vehicle,61814
Chhattisgarh,Light Motor Vehicle,457163
Chhattisgarh,Light Passenger Vehicle,13523
Chhattisgarh,Medium Goods Vehicle,1376
Chhattisgarh,Medium Motor Vehicle,865
Chhattisgarh,Medium Passenger Vehicle,1512
Chhattisgarh,Other Than Mentioned Above,14501
Chhattisgarh,Three Wheeler(Nt),44
Chhattisgarh,Three Wheeler(T),39233
Chhattisgarh,Two Wheeler (Invalid Carriage),86
Chhattisgarh,Two Wheeler(Nt),2311744
Chhattisgarh,Two Wheeler(T),8
Dadra and Nagar Haveli and Daman and Diu,Heavy Goods Vehicle,12846
Dadra and Nagar Haveli and Daman and Diu,Heavy Motor Vehicle,19
Dadra and Nagar Haveli and Daman and Diu,Heavy Passenger Vehicle,727
Dadra and Nagar Haveli and Daman and Diu,Light Goods Vehicle,3078
Dadra and Nagar Haveli and Daman and Diu,Light Motor Vehicle,22877
Dadra and Nagar Haveli and Daman and Diu,Light Passenger Vehicle,2321
Dadra and Nagar Haveli and Daman and Diu,Medium Goods Vehicle,1106
Dadra and Nagar Haveli and Daman and Diu,Medium Motor Vehicle,147
Dadra and Nagar Haveli and Daman and Diu,Medium Passenger Vehicle,367
Dadra and Nagar Haveli and Daman and Diu,Other Than Mentioned Above,266
Dadra and Nagar Haveli and Daman and Diu,Three Wheeler(Nt),26
Dadra and Nagar Haveli and Daman and Diu,Three Wheeler(T),417
Dadra and Nagar Haveli and Daman and Diu,Two Wheeler (Invalid Carriage),5
Dadra and Nagar Haveli and Daman and Diu,Two Wheeler(Nt),55145
Dadra and Nagar Haveli and Daman and Diu,Two Wheeler(T),20
Delhi,Four Wheeler (Invalid Carriage),546
Delhi,Heavy Goods Vehicle,5453
Delhi,Heavy Passenger Vehicle,4622
Delhi,Light Goods Vehicle,87178
Delhi,Light Motor Vehicle,851396
Delhi,Light Passenger Vehicle,27510
Delhi,Medium Goods Vehicle,10812
Delhi,Medium Motor Vehicle,36
Delhi,Medium Passenger Vehicle,382
Delhi,Other Than Mentioned Above,34
Delhi,Three Wheeler(Nt),6
Delhi,Three Wheeler(T),146638
Delhi,Two Wheeler (Invalid Carriage),78
Delhi,Two Wheeler(Nt),1901095
Goa,Four Wheeler (Invalid Carriage),43
Goa,Heavy Goods Vehicle,1244
Goa,Heavy Motor Vehicle,44
Goa,Heavy Passenger Vehicle,348
Goa,Light Goods Vehicle,8952
Goa,Light Motor Vehicle,88307
Goa,Light Passenger Vehicle,15090
Goa,Medium Goods Vehicle,927
Goa,Medium Motor Vehicle,45
Goa,Medium Passenger Vehicle,331
Goa,Other Than Mentioned Above,438
Goa,Three Wheeler(Nt),26
Goa,Three Wheeler(T),473
Goa,Two Wheeler (Invalid Carriage),103
Goa,Two Wheeler(Nt),223915
Goa,Two Wheeler(T),14510
Gujarat,Four Wheeler (Invalid Carriage),3636
Gujarat,Heavy Goods Vehicle,92850
Gujarat,Heavy Motor Vehicle,1918
Gujarat,Heavy Passenger Vehicle,10201
Gujarat,Light Goods Vehicle,219531
Gujarat,Light Motor Vehicle,1866809
Gujarat,Light Passenger Vehicle,49661
Gujarat,Medium Goods Vehicle,10491
Gujarat,Medium Motor Vehicle,7460
Gujarat,Medium Passenger Vehicle,5396
Gujarat,Other Than Mentioned Above,31927
Gujarat,Three Wheeler(Nt),134
Gujarat,Three Wheeler(T),282991
Gujarat,Two Wheeler (Invalid Carriage),2613
Gujarat,Two Wheeler(Nt),5520574
Gujarat,Two Wheeler(T),361
Haryana,Four Wheeler (Invalid Carriage),535
Haryana,Heavy Goods Vehicle,100135
Haryana,Heavy Motor Vehicle,2656
Haryana,Heavy Passenger Vehicle,7099
Haryana,Light Goods Vehicle,93691
Haryana,Light Motor Vehicle,1246044
Haryana,Light Passenger Vehicle,90767
Haryana,Medium Goods Vehicle,21361
Haryana,Medium Motor Vehicle,4553
Haryana,Medium Passenger Vehicle,7218
Haryana,Other Than Mentioned Above,12736
Haryana,Three Wheeler(T),129793
Haryana,Two Wheeler (Invalid Carriage),36
Haryana,Two Wheeler(Nt),2334851
Haryana,Two Wheeler(T),869
Himachal Pradesh,Four Wheeler (Invalid Carriage),17
Himachal Pradesh,Heavy Goods Vehicle,13804
Himachal Pradesh,Heavy Motor Vehicle,615
Himachal Pradesh,Heavy Passenger Vehicle,898
Himachal Pradesh,Light Goods Vehicle,32302
Himachal Pradesh,Light Motor Vehicle,257532
Himachal Pradesh,Light Passenger Vehicle,19130
Himachal Pradesh,Medium Goods Vehicle,3122
Himachal Pradesh,Medium Motor Vehicle,642
Himachal Pradesh,Medium Passenger Vehicle,914
Himachal Pradesh,Other Than Mentioned Above,3395
Himachal Pradesh,Three Wheeler(Nt),2
Himachal Pradesh,Three Wheeler(T),1840
Himachal Pradesh,Two Wheeler (Invalid Carriage),8
Himachal Pradesh,Two Wheeler(Nt),353666
Himachal Pradesh,Two Wheeler(T),2949
Jammu and Kashmir,Four Wheeler (Invalid Carriage),9
Jammu and Kashmir,Heavy Goods Vehicle,14950
Jammu and Kashmir,Heavy Motor Vehicle,704
Jammu and Kashmir,Heavy Passenger Vehicle,1376
Jammu and Kashmir,Light Goods Vehicle,38060
Jammu and Kashmir,Light Motor Vehicle,309209
Jammu and Kashmir,Light Passenger Vehicle,15305
Jammu and Kashmir,Medium Goods Vehicle,2264
Jammu and Kashmir,Medium Motor Vehicle,136
Jammu and Kashmir,Medium Passenger Vehicle,1739
Jammu and Kashmir,Other Than Mentioned Above,911
Jammu and Kashmir,Three Wheeler(T),34244
Jammu and Kashmir,Two Wheeler (Invalid Carriage),4653
Jammu and Kashmir,Two Wheeler(Nt),466078
Jharkhand,Four Wheeler (Invalid Carriage),29
Jharkhand,Heavy Goods Vehicle,28747
Jharkhand,Heavy Motor Vehicle,463
Jharkhand,Heavy Passenger Vehicle,1205
Jharkhand,Light Goods Vehicle,102262
Jharkhand,Light Motor Vehicle,288915
Jharkhand,Light Passenger Vehicle,12558
Jharkhand,Medium Goods Vehicle,2135
Jharkhand,Medium Motor Vehicle,458
Jharkhand,Medium Passenger Vehicle,1718
Jharkhand,Other Than Mentioned Above,2541
Jharkhand,Three Wheeler(T),90860
Jharkhand,Two Wheeler(Nt),2232520
Karnataka,Four Wheeler (Invalid Carriage),1492
Karnataka,Heavy Goods Vehicle,69924
Karnataka,Heavy Motor Vehicle,1702
Karnataka,Heavy Passenger Vehicle,7841
Karnataka,Light Goods Vehicle,219069
Karnataka,Light Motor Vehicle,1544590
Karnataka,Light Passenger Vehicle,110814
Karnataka,Medium Goods Vehicle,19300
Karnataka,Medium Motor Vehicle,5196
Karnataka,Medium Passenger Vehicle,9616
Karnataka,Other Than Mentioned Above,21114
Karnataka,Three Wheeler(Nt),522
Karnataka,Three Wheeler(T),208905
Karnataka,Two Wheeler (Invalid Carriage),22152
Karnataka,Two Wheeler(Nt),5743547
Karnataka,Two Wheeler(T),29918
Kerala,Four Wheeler (Invalid Carriage),573
Kerala,Heavy Goods Vehicle,20598
Kerala,Heavy Motor Vehicle,481
Kerala,Heavy Passenger Vehicle,2486
Kerala,Light Goods Vehicle,94466
Kerala,Light Motor Vehicle,1049786
Kerala,Light Passenger Vehicle,32060
Kerala,Medium Goods Vehicle,9632
Kerala,Medium Motor Vehicle,3013
Kerala,Medium Passenger Vehicle,3341
Kerala,Other Than Mentioned Above,4374
Kerala,Three Wheeler(Nt),1603
Kerala,Three Wheeler(T),121125
Kerala,Two Wheeler (Invalid Carriage),2758
Kerala,Two Wheeler(Nt),2805925
Kerala,Two Wheeler(T),817
Ladakh,Heavy Goods Vehicle,1034
Ladakh,Heavy Motor Vehicle,201
Ladakh,Heavy Passenger Vehicle,51
Ladakh,Light Goods Vehicle,1616
Ladakh,Light Motor Vehicle,10893
Ladakh,Light Passenger Vehicle,1838
Ladakh,Medium Goods Vehicle,287
Ladakh,Medium Motor Vehicle,15
Ladakh,Medium Passenger Vehicle,85
Ladakh,Other Than Mentioned Above,58
Ladakh,Three Wheeler(T),3
Ladakh,Two Wheeler (Invalid Carriage),5
Ladakh,Two Wheeler(Nt),1358
Ladakh,Two Wheeler(T),1194
Madhya Pradesh,Four Wheeler (Invalid Carriage),20
Madhya Pradesh,Heavy Goods Vehicle,27926
Madhya Pradesh,Heavy Motor Vehicle,1567
Madhya Pradesh,Heavy Passenger Vehicle,2711
Madhya Pradesh,Light Goods Vehicle,118260
Madhya Pradesh,Light Motor Vehicle,1325827
Madhya Pradesh,Light Passenger Vehicle,39588
Madhya Pradesh,Medium Goods Vehicle,3186
Madhya Pradesh,Medium Motor Vehicle,11446
Madhya Pradesh,Medium Passenger Vehicle,4346
Madhya Pradesh,Other Than Mentioned Above,15965
Madhya Pradesh,Three Wheeler(Nt),2059
Madhya Pradesh,Three Wheeler(T),148233
Madhya Pradesh,Two Wheeler (Invalid Carriage),1038
Madhya Pradesh,Two Wheeler(Nt),5746307
Madhya Pradesh,Two Wheeler(T),45
Maharashtra,Four Wheeler (Invalid Carriage),2028
Maharashtra,Heavy Goods Vehicle,160325
Maharashtra,Heavy Motor Vehicle,2977
Maharashtra,Heavy Passenger Vehicle,9760
Maharashtra,Light Goods Vehicle,373879
Maharashtra,Light Motor Vehicle,2467392
Maharashtra,Light Passenger Vehicle,133271
Maharashtra,Medium Goods Vehicle,26813
Maharashtra,Medium Motor Vehicle,8094
Maharashtra,Medium Passenger Vehicle,10744
Maharashtra,Other Than Mentioned Above,41471
Maharashtra,Three Wheeler(Nt),130
Maharashtra,Three Wheeler(T),322385
Maharashtra,Two Wheeler (Invalid Carriage),4501
Maharashtra,Two Wheeler(Nt),8560033
Maharashtra,Two Wheeler(T),32
Manipur,Heavy Goods Vehicle,1921
Manipur,Heavy Motor Vehicle,94
Manipur,Heavy Passenger Vehicle,140
Manipur,Light Goods Vehicle,5564
Manipur,Light Motor Vehicle,38652
Manipur,Light Passenger Vehicle,489
Manipur,Medium Goods Vehicle,127
Manipur,Medium Motor Vehicle,61
Manipur,Medium Passenger Vehicle,118
Manipur,Other Than Mentioned Above,626
Manipur,Three Wheeler(Nt),6
Manipur,Three Wheeler(T),3945
Manipur,Two Wheeler(Nt),129067
Meghalaya,Heavy Goods Vehicle,5025
Meghalaya,Heavy Motor Vehicle,47
Meghalaya,Heavy Passenger Vehicle,95
Meghalaya,Light Goods Vehicle,13424
Meghalaya,Light Motor Vehicle,53461
Meghalaya,Light Passenger Vehicle,10949
Meghalaya,Medium Goods Vehicle,747
Meghalaya,Medium Motor Vehicle,73
Meghalaya,Medium Passenger Vehicle,142
Meghalaya,Other Than Mentioned Above,1749
Meghalaya,Three Wheeler(Nt),25
Meghalaya,Three Wheeler(T),3464
Meghalaya,Two Wheeler(Nt),88277
Meghalaya,Two Wheeler(T),6
Mizoram,Heavy Goods Vehicle,2076
Mizoram,Heavy Motor Vehicle,33
Mizoram,Heavy Passenger Vehicle,4
Mizoram,Light Goods Vehicle,8848
Mizoram,Light Motor Vehicle,23091
Mizoram,Light Passenger Vehicle,1907
Mizoram,Medium Goods Vehicle,961
Mizoram,Medium Motor Vehicle,47
Mizoram,Medium Passenger Vehicle,36
Mizoram,Other Than Mentioned Above,871
Mizoram,Three Wheeler(Nt),1
Mizoram,Three Wheeler(T),2786
Mizoram,Two Wheeler (Invalid Carriage),3
Mizoram,Two Wheeler(Nt),104913
Mizoram,Two Wheeler(T),3736
Nagaland,Heavy Goods Vehicle,45410
Nagaland,Heavy Motor Vehicle,287
Nagaland,Heavy Passenger Vehicle,2023
Nagaland,Light Goods Vehicle,4975
Nagaland,Light Motor Vehicle,36319
Nagaland,Light Passenger Vehicle,2115
Nagaland,Medium Goods Vehicle,650
Nagaland,Medium Motor Vehicle,458
Nagaland,Medium Passenger Vehicle,157
Nagaland,Other Than Mentioned Above,1893
Nagaland,Three Wheeler(T),2163
Nagaland,Two Wheeler(Nt),26642
Nagaland,Two Wheeler(T),518
Odisha,Four Wheeler (Invalid Carriage),28
Odisha,Heavy Goods Vehicle,67650
Odisha,Heavy Motor Vehicle,2019
Odisha,Heavy Passenger Vehicle,1314
Odisha,Light Goods Vehicle,130132
Odisha,Light Motor Vehicle,386034
Odisha,Light Passenger Vehicle,37475
Odisha,Medium Goods Vehicle,3238
Odisha,Medium Motor Vehicle,4209
Odisha,Medium Passenger Vehicle,5944
Odisha,Other Than Mentioned Above,10641
Odisha,Three Wheeler(Nt),17
Odisha,Three Wheeler(T),87795
Odisha,Two Wheeler (Invalid Carriage),105
Odisha,Two Wheeler(Nt),3140180
Odisha,Two Wheeler(T),602
Puducherry,Four Wheeler (Invalid Carriage),9
Puducherry,Heavy Goods Vehicle,172
Puducherry,Heavy Motor Vehicle,5
Puducherry,Heavy Passenger Vehicle,312
Puducherry,Light Goods Vehicle,2229
Puducherry,Light Motor Vehicle,44679
Puducherry,Light Passenger Vehicle,2259
Puducherry,Medium Goods Vehicle,100
Puducherry,Medium Motor Vehicle,23
Puducherry,Medium Passenger Vehicle,180
Puducherry,Other Than Mentioned Above,65
Puducherry,Three Wheeler(Nt),14
Puducherry,Three Wheeler(T),743
Puducherry,Two Wheeler (Invalid Carriage),271
Puducherry,Two Wheeler(Nt),229343
Puducherry,Two Wheeler(T),55
Punjab,Four Wheeler (Invalid Carriage),79
Punjab,Heavy Goods Vehicle,30602
Punjab,Heavy Motor Vehicle,320
Punjab,Heavy Passenger Vehicle,1720
Punjab,Light Goods Vehicle,59272
Punjab,Light Motor Vehicle,741155
Punjab,Light Passenger Vehicle,33076
Punjab,Medium Goods Vehicle,3041
Punjab,Medium Motor Vehicle,1275
Punjab,Medium Passenger Vehicle,1947
Punjab,Other Than Mentioned Above,17345
Punjab,Three Wheeler(Nt),21
Punjab,Three Wheeler(T),61473
Punjab,Two Wheeler (Invalid Carriage),19
Punjab,Two Wheeler(Nt),2302616
Punjab,Two Wheeler(T),155
Rajasthan,Four Wheeler (Invalid Carriage),737
Rajasthan,Heavy Goods Vehicle,128768
Rajasthan,Heavy Motor Vehicle,1554
Rajasthan,Heavy Passenger Vehicle,4379
Rajasthan,Light Goods Vehicle,172584
Rajasthan,Light Motor Vehicle,1399713
Rajasthan,Light Passenger Vehicle,43822
Rajasthan,Medium Goods Vehicle,3700
Rajasthan,Medium Motor Vehicle,2685
Rajasthan,Medium Passenger Vehicle,3898
Rajasthan,Other Than Mentioned Above,31196
Rajasthan,Three Wheeler(Nt),12
Rajasthan,Three Wheeler(T),158535
Rajasthan,Two Wheeler (Invalid Carriage),13612
Rajasthan,Two Wheeler(Nt),5120654
Rajasthan,Two Wheeler(T),9445
Sikkim,Four Wheeler (Invalid Carriage),1
Sikkim,Heavy Goods Vehicle,1271
Sikkim,Heavy Motor Vehicle,39
Sikkim,Heavy Passenger Vehicle,6
Sikkim,Light Goods Vehicle,996
Sikkim,Light Motor Vehicle,19176
Sikkim,Light Passenger Vehicle,6947
Sikkim,Medium Goods Vehicle,371
Sikkim,Medium Motor Vehicle,22
Sikkim,Medium Passenger Vehicle,101
Sikkim,Other Than Mentioned Above,161
Sikkim,Two Wheeler(Nt),24870
Sikkim,Two Wheeler(T),192
Tamil Nadu,Four Wheeler (Invalid Carriage),1146
Tamil Nadu,Heavy Goods Vehicle,68920
Tamil Nadu,Heavy Motor Vehicle,1798
Tamil Nadu,Heavy Passenger Vehicle,11739
Tamil Nadu,Light Goods Vehicle,226541
Tamil Nadu,Light Motor Vehicle,1243728
Tamil Nadu,Light Passenger Vehicle,66762
Tamil Nadu,Medium Goods Vehicle,30872
Tamil Nadu,Medium Motor Vehicle,8959
Tamil Nadu,Medium Passenger Vehicle,8129
Tamil Nadu,Other Than Mentioned Above,20866
Tamil Nadu,Three Wheeler(Nt),1148
Tamil Nadu,Three Wheeler(T),163586
Tamil Nadu,Two Wheeler (Invalid Carriage),20953
Tamil Nadu,Two Wheeler(Nt),7313363
Tripura,Heavy Goods Vehicle,1731
Tripura,Heavy Motor Vehicle,34
Tripura,Heavy Passenger Vehicle,29
Tripura,Light Goods Vehicle,9081
Tripura,Light Motor Vehicle,24489
Tripura,Light Passenger Vehicle,2509
Tripura,Medium Goods Vehicle,1354
Tripura,Medium Motor Vehicle,260
Tripura,Medium Passenger Vehicle,154
Tripura,Other Than Mentioned Above,104
Tripura,Three Wheeler(T),37673
Tripura,Two Wheeler(Nt),203825
Uttar Pradesh,Four Wheeler (Invalid Carriage),973
Uttar Pradesh,Heavy Goods Vehicle,99504
Uttar Pradesh,Heavy Motor Vehicle,4276
Uttar Pradesh,Heavy Passenger Vehicle,12698
Uttar Pradesh,Light Goods Vehicle,258285
Uttar Pradesh,Light Motor Vehicle,2462278
Uttar Pradesh,Light Passenger Vehicle,93639
Uttar Pradesh,Medium Goods Vehicle,14536
Uttar Pradesh,Medium Motor Vehicle,8575
Uttar Pradesh,Medium Passenger Vehicle,10111
Uttar Pradesh,Other Than Mentioned Above,26278
Uttar Pradesh,Three Wheeler(Nt),58
Uttar Pradesh,Three Wheeler(T),839951
Uttar Pradesh,Two Wheeler (Invalid Carriage),1676
Uttar Pradesh,Two Wheeler(Nt),12986600
Uttar Pradesh,Two Wheeler(T),1056
Uttarakhand,Four Wheeler (Invalid Carriage),150
Uttarakhand,Heavy Goods Vehicle,8690
Uttarakhand,Heavy Motor Vehicle,124
Uttarakhand,Heavy Passenger Vehicle,1197
Uttarakhand,Light Goods Vehicle,22903
Uttarakhand,Light Motor Vehicle,240806
Uttarakhand,Light Passenger Vehicle,28796
Uttarakhand,Medium Goods Vehicle,2706
Uttarakhand,Medium Motor Vehicle,387
Uttarakhand,Medium Passenger Vehicle,918
Uttarakhand,Other Than Mentioned Above,1373
Uttarakhand,Three Wheeler(T),41957
Uttarakhand,Two Wheeler (Invalid Carriage),68
Uttarakhand,Two Wheeler(Nt),847129
Uttarakhand,Two Wheeler(T),7583
West Bengal,Four Wheeler (Invalid Carriage),24
West Bengal,Heavy Goods Vehicle,58122
West Bengal,Heavy Motor Vehicle,799
West Bengal,Heavy Passenger Vehicle,2343
West Bengal,Light Goods Vehicle,147300
West Bengal,Light Motor Vehicle,557551
West Bengal,Light Passenger Vehicle,37821
West Bengal,Medium Goods Vehicle,5679
West Bengal,Medium Motor Vehicle,1496
West Bengal,Medium Passenger Vehicle,3418
West Bengal,Other Than Mentioned Above,6118
West Bengal,Three Wheeler(Nt),1
West Bengal,Three Wheeler(T),89131
West Bengal,Two Wheeler (Invalid Carriage),48
West Bengal,Two Wheeler(Nt),4682342
West Bengal,Two Wheeler(T),312
