fy,group,ev_registrations
FY2011,2W,4068
FY2011,3W,26
FY2011,Cars/LMV,411
FY2011,Commercial,33
FY2011,Other,358
FY2012,2W,6662
FY2012,3W,38
FY2012,Cars/LMV,698
FY2012,Commercial,39
FY2012,Other,223
FY2013,2W,3477
FY2013,3W,31
FY2013,Cars/LMV,229
FY2013,Commercial,41
FY2013,Other,263
FY2014,2W,1895
FY2014,3W,27
FY2014,Cars/LMV,451
FY2014,Commercial,50
FY2014,Other,205
FY2015,2W,1569
FY2015,3W,14
FY2015,Cars/LMV,634
FY2015,Commercial,22
FY2015,Other,163
FY2016,2W,1471
FY2016,3W,599
FY2016,Cars/LMV,782
FY2016,Commercial,23
FY2016,Other,162
FY2017,2W,1394
FY2017,3W,1209
FY2017,Cars/LMV,769
FY2017,Commercial,115
FY2017,Other,481
FY2018,2W,2008
FY2018,3W,697
FY2018,Cars/LMV,1213
FY2018,Commercial,703
FY2018,Other,556
FY2019,2W,28494
FY2019,3W,861
FY2019,Cars/LMV,1841
FY2019,Commercial,625
FY2019,Other,289
FY2020,2W,28147
FY2020,3W,1833
FY2020,Cars/LMV,3215
FY2020,Commercial,535
FY2020,Other,29
FY2021,2W,49486
FY2021,3W,2510
FY2021,Cars/LMV,5901
FY2021,Commercial,411
FY2021,Other,35
FY2022,2W,279893
FY2022,3W,11810
FY2022,Cars/LMV,21194
FY2022,Commercial,2215
FY2022,Other,99
FY2023,2W,783373
FY2023,3W,31441
FY2023,Cars/LMV,54471
FY2023,Commercial,2644
FY2023,Other,100
FY2024,2W,1012841
FY2024,3W,101681
FY2024,Cars/LMV,99719
FY2024,Commercial,8635
FY2024,Other,246
FY2025,2W,1209658
FY2025,3W,163310
FY2025,Cars/LMV,115315
FY2025,Commercial,9137
FY2025,Other,376
