state_name,group,registrations,share_pct
Andaman & Nicobar Islands,2W,27370,68.779
Andaman & Nicobar Islands,3W,1399,3.516
Andaman & Nicobar Islands,Cars/LMV,9384,23.581
Andaman & Nicobar Islands,Commercial,1612,4.051
Andaman & Nicobar Islands,Other,29,0.073
Andhra Pradesh,2W,3978751,79.806
Andhra Pradesh,3W,190304,3.817
Andhra Pradesh,Cars/LMV,634634,12.730
Andhra Pradesh,Commercial,175473,3.520
Andhra Pradesh,Other,6358,0.128
Arunachal Pradesh,2W,80403,53.339
Arunachal Pradesh,3W,1717,1.139
Arunachal Pradesh,Cars/LMV,51768,34.342
Arunachal Pradesh,Commercial,15267,10.128
Arunachal Pradesh,Other,1586,1.052
Assam,2W,1986812,70.703
Assam,3W,207625,7.389
Assam,Cars/LMV,427894,15.227
Assam,Commercial,183302,6.523
Assam,Other,4445,0.158
Bihar,2W,5141141,81.780
Bihar,3W,387746,6.168
Bihar,Cars/LMV,449342,7.148
Bihar,Commercial,304078,4.837
Bihar,Other,4278,0.068
Chandigarh,2W,109078,45.970
Chandigarh,3W,8189,3.451
Chandigarh,Cars/LMV,114502,48.256
Chandigarh,Commercial,5463,2.302
Chandigarh,Other,49,0.021
Chhattisgarh,2W,2311838,78.183
Chhattisgarh,3W,39277,1.328
Chhattisgarh,Cars/LMV,470838,15.923
Chhattisgarh,Commercial,120495,4.075
Chhattisgarh,Other,14501,0.490
Dadra and Nagar Haveli and Daman and Diu,2W,55170,55.521
Dadra and Nagar Haveli and Daman and Diu,3W,443,0.446
Dadra and Nagar Haveli and Daman and Diu,Cars/LMV,25198,25.359
Dadra and Nagar Haveli and Daman and Diu,Commercial,18290,18.407
Dadra and Nagar Haveli and Daman and Diu,Other,266,0.268
Delhi,2W,1901173,62.625
Delhi,3W,146644,4.831
Delhi,Cars/LMV,879452,28.969
Delhi,Commercial,108483,3.573
Delhi,Other,34,0.001
Goa,2W,238528,67.230
Goa,3W,499,0.141
Goa,Cars/LMV,103440,29.155
Goa,Commercial,11891,3.352
Goa,Other,438,0.123
Gujarat,2W,5523548,68.137
Gujarat,3W,283125,3.493
Gujarat,Cars/LMV,1920106,23.686
Gujarat,Commercial,347847,4.291
Gujarat,Other,31927,0.394
Haryana,2W,2335756,57.640
Haryana,3W,129793,3.203
Haryana,Cars/LMV,1337346,33.002
Haryana,Commercial,236713,5.841
Haryana,Other,12736,0.314
Himachal Pradesh,2W,356623,51.622
Himachal Pradesh,3W,1842,0.267
Himachal Pradesh,Cars/LMV,276679,40.050
Himachal Pradesh,Commercial,52297,7.570
Himachal Pradesh,Other,3395,0.491
Jammu and Kashmir,2W,470731,52.913
Jammu and Kashmir,3W,34244,3.849
Jammu and Kashmir,Cars/LMV,324523,36.478
Jammu and Kashmir,Commercial,59229,6.658
Jammu and Kashmir,Other,911,0.102
Jharkhand,2W,2232520,80.759
Jharkhand,3W,90860,3.287
Jharkhand,Cars/LMV,301502,10.907
Jharkhand,Commercial,136988,4.955
Jharkhand,Other,2541,0.092
Karnataka,2W,5795617,72.303
Karnataka,3W,209427,2.613
Karnataka,Cars/LMV,1656896,20.671
Karnataka,Commercial,332648,4.150
Karnataka,Other,21114,0.263
Kerala,2W,2809500,67.649
Kerala,3W,122728,2.955
Kerala,Cars/LMV,1082419,26.063
Kerala,Commercial,134017,3.227
Kerala,Other,4374,0.105
Ladakh,2W,2557,13.719
Ladakh,3W,3,0.016
Ladakh,Cars/LMV,12731,68.307
Ladakh,Commercial,3289,17.647
Ladakh,Other,58,0.311
Madhya Pradesh,2W,5747390,77.161
Madhya Pradesh,3W,150292,2.018
Madhya Pradesh,Cars/LMV,1365435,18.332
Madhya Pradesh,Commercial,169442,2.275
Madhya Pradesh,Other,15965,0.214
Maharashtra,2W,8564566,70.642
Maharashtra,3W,322515,2.660
Maharashtra,Cars/LMV,2602691,21.468
Maharashtra,Commercial,592592,4.888
Maharashtra,Other,41471,0.342
Manipur,2W,129067,71.383
Manipur,3W,3951,2.185
Manipur,Cars/LMV,39141,21.648
Manipur,Commercial,8025,4.438
Manipur,Other,626,0.346
Meghalaya,2W,88283,49.741
Meghalaya,3W,3489,1.966
Meghalaya,Cars/LMV,64410,36.291
Meghalaya,Commercial,19553,11.017
Meghalaya,Other,1749,0.985
Mizoram,2W,108652,72.768
Mizoram,3W,2787,1.867
Mizoram,Cars/LMV,24998,16.742
Mizoram,Commercial,12005,8.040
Mizoram,Other,871,0.583
Nagaland,2W,27160,21.972
Nagaland,3W,2163,1.750
Nagaland,Cars/LMV,38434,31.093
Nagaland,Commercial,53960,43.653
Nagaland,Other,1893,1.531
Odisha,2W,3140887,81.005
Odisha,3W,87812,2.265
Odisha,Cars/LMV,423537,10.923
Odisha,Commercial,214506,5.532
Odisha,Other,10641,0.274
Puducherry,2W,229669,81.890
Puducherry,3W,757,0.270
Puducherry,Cars/LMV,46947,16.739
Puducherry,Commercial,3021,1.077
Puducherry,Other,65,0.023
Punjab,2W,2302790,70.765
Punjab,3W,61494,1.890
Punjab,Cars/LMV,774310,23.795
Punjab,Commercial,98177,3.017
Punjab,Other,17345,0.533
Rajasthan,2W,5143711,72.495
Rajasthan,3W,158547,2.235
Rajasthan,Cars/LMV,1444272,20.355
Rajasthan,Commercial,317568,4.476
Rajasthan,Other,31196,0.440
Sikkim,2W,25062,46.280
Sikkim,3W,0,0.000
Sikkim,Cars/LMV,26124,48.241
Sikkim,Commercial,2806,5.182
Sikkim,Other,161,0.297
Tamil Nadu,2W,7334316,79.821
Tamil Nadu,3W,164734,1.793
Tamil Nadu,Cars/LMV,1311636,14.275
Tamil Nadu,Commercial,356958,3.885
Tamil Nadu,Other,20866,0.227
Tripura,2W,203825,72.473
Tripura,3W,37673,13.395
Tripura,Cars/LMV,26998,9.600
Tripura,Commercial,12643,4.495
Tripura,Other,104,0.037
Uttar Pradesh,2W,12989332,77.223
Uttar Pradesh,3W,840009,4.994
Uttar Pradesh,Cars/LMV,2556890,15.201
Uttar Pradesh,Commercial,407985,2.426
Uttar Pradesh,Other,26278,0.156
Uttarakhand,2W,854780,70.949
Uttarakhand,3W,41957,3.483
Uttarakhand,Cars/LMV,269752,22.390
Uttarakhand,Commercial,36925,3.065
Uttarakhand,Other,1373,0.114
West Bengal,2W,4682702,83.732
West Bengal,3W,89132,1.594
West Bengal,Cars/LMV,595396,10.646
West Bengal,Commercial,219157,3.919
West Bengal,Other,6118,0.109
All India,2W,86929308,73.982
All India,3W,3823177,3.254
All India,Cars/LMV,21689625,18.459
All India,Commercial,4772705,4.062
All India,Other,285762,0.243
